"Language","original","english","czech","german","russian","polish","hungarian","italian","spanish","french","chinese","japanese","portuguese","chinesesimp",
"str_zp_research_modname","ZP: Дослідження","ZP: Дослідження","ZP: Дослідження","ZP: Дослідження","ZP: Дослідження","ZP: Дослідження","ZP: Дослідження","ZP: Дослідження","ZP: Дослідження","ZP: Дослідження","ZP: Дослідження","ZP: Дослідження","ZP: Дослідження","ZP: Дослідження",
"str_zp_petridishkit","Польовий набір чашок Петрі","Польовий набір чашок Петрі","Польовий набір чашок Петрі","Польовий набір чашок Петрі","Польовий набір чашок Петрі","Польовий набір чашок Петрі","Польовий набір чашок Петрі","Польовий набір чашок Петрі","Польовий набір чашок Петрі","Польовий набір чашок Петрі","Польовий набір чашок Петрі","Польовий набір чашок Петрі","Польовий набір чашок Петрі","Польовий набір чашок Петрі",
"str_zp_petridishkit_desc","Переносний набір для відбору та первинного аналізу біологічних зразків у польових умовах.","Переносний набір для відбору та первинного аналізу біологічних зразків у польових умовах.","Переносний набір для відбору та первинного аналізу біологічних зразків у польових умовах.","Переносний набір для відбору та первинного аналізу біологічних зразків у польових умовах.","Переносний набір для відбору та первинного аналізу біологічних зразків у польових умовах.","Переносний набір для відбору та первинного аналізу біологічних зразків у польових умовах.","Переносний набір для відбору та первинного аналізу біологічних зразків у польових умовах.","Переносний набір для відбору та первинного аналізу біологічних зразків у польових умовах.","Переносний набір для відбору та первинного аналізу біологічних зразків у польових умовах.","Переносний набір для відбору та первинного аналізу біологічних зразків у польових умовах.","Переносний набір для відбору та первинного аналізу біологічних зразків у польових умовах.","Переносний набір для відбору та первинного аналізу біологічних зразків у польових умовах.","Переносний набір для відбору та первинного аналізу біологічних зразків у польових умовах.","Переносний набір для відбору та первинного аналізу біологічних зразків у польових умовах.",
"str_zp_microscope","Лабораторний мікроскоп","Лабораторний мікроскоп","Лабораторний мікроскоп","Лабораторний мікроскоп","Лабораторний мікроскоп","Лабораторний мікроскоп","Лабораторний мікроскоп","Лабораторний мікроскоп","Лабораторний мікроскоп","Лабораторний мікроскоп","Лабораторний мікроскоп","Лабораторний мікроскоп","Лабораторний мікроскоп","Лабораторний мікроскоп",
"str_zp_microscope_desc","Стаціонарний мікроскоп для тривалого аналізу зразків. Завантажте зразки всередину та запустіть аналіз.","Стаціонарний мікроскоп для тривалого аналізу зразків. Завантажте зразки всередину та запустіть аналіз.","Стаціонарний мікроскоп для тривалого аналізу зразків. Завантажте зразки всередину та запустіть аналіз.","Стаціонарний мікроскоп для тривалого аналізу зразків. Завантажте зразки всередину та запустіть аналіз.","Стаціонарний мікроскоп для тривалого аналізу зразків. Завантажте зразки всередину та запустіть аналіз.","Стаціонарний мікроскоп для тривалого аналізу зразків. Завантажте зразки всередину та запустіть аналіз.","Стаціонарний мікроскоп для тривалого аналізу зразків. Завантажте зразки всередину та запустіть аналіз.","Стаціонарний мікроскоп для тривалого аналізу зразків. Завантажте зразки всередину та запустіть аналіз.","Стаціонарний мікроскоп для тривалого аналізу зразків. Завантажте зразки всередину та запустіть аналіз.","Стаціонарний мікроскоп для тривалого аналізу зразків. Завантажте зразки всередину та запустіть аналіз.","Стаціонарний мікроскоп для тривалого аналізу зразків. Завантажте зразки всередину та запустіть аналіз.","Стаціонарний мікроскоп для тривалого аналізу зразків. Завантажте зразки всередину та запустіть аналіз.","Стаціонарний мікроскоп для тривалого аналізу зразків. Завантажте зразки всередину та запустіть аналіз.","Стаціонарний мікроскоп для тривалого аналізу зразків. Завантажте зразки всередину та запустіть аналіз.",
"str_zp_labcomputer","Науковий комп'ютер","Науковий комп'ютер","Науковий комп'ютер","Науковий комп'ютер","Науковий комп'ютер","Науковий комп'ютер","Науковий комп'ютер","Науковий комп'ютер","Науковий комп'ютер","Науковий комп'ютер","Науковий комп'ютер","Науковий комп'ютер","Науковий комп'ютер","Науковий комп'ютер",
"str_zp_labcomputer_desc","Стаціонарна робоча станція для обробки дослідницьких даних.","Стаціонарна робоча станція для обробки дослідницьких даних.","Стаціонарна робоча станція для обробки дослідницьких даних.","Стаціонарна робоча станція для обробки дослідницьких даних.","Стаціонарна робоча станція для обробки дослідницьких даних.","Стаціонарна робоча станція для обробки дослідницьких даних.","Стаціонарна робоча станція для обробки дослідницьких даних.","Стаціонарна робоча станція для обробки дослідницьких даних.","Стаціонарна робоча станція для обробки дослідницьких даних.","Стаціонарна робоча станція для обробки дослідницьких даних.","Стаціонарна робоча станція для обробки дослідницьких даних.","Стаціонарна робоча станція для обробки дослідницьких даних.","Стаціонарна робоча станція для обробки дослідницьких даних.","Стаціонарна робоча станція для обробки дослідницьких даних.",
"str_zp_chembench","Хімічний стенд","Хімічний стенд","Хімічний стенд","Хімічний стенд","Хімічний стенд","Хімічний стенд","Хімічний стенд","Хімічний стенд","Хімічний стенд","Хімічний стенд","Хімічний стенд","Хімічний стенд","Хімічний стенд","Хімічний стенд",
"str_zp_chembench_desc","Лабораторний стіл із мийкою та посудом для хімічної переробки.","Лабораторний стіл із мийкою та посудом для хімічної переробки.","Лабораторний стіл із мийкою та посудом для хімічної переробки.","Лабораторний стіл із мийкою та посудом для хімічної переробки.","Лабораторний стіл із мийкою та посудом для хімічної переробки.","Лабораторний стіл із мийкою та посудом для хімічної переробки.","Лабораторний стіл із мийкою та посудом для хімічної переробки.","Лабораторний стіл із мийкою та посудом для хімічної переробки.","Лабораторний стіл із мийкою та посудом для хімічної переробки.","Лабораторний стіл із мийкою та посудом для хімічної переробки.","Лабораторний стіл із мийкою та посудом для хімічної переробки.","Лабораторний стіл із мийкою та посудом для хімічної переробки.","Лабораторний стіл із мийкою та посудом для хімічної переробки.","Лабораторний стіл із мийкою та посудом для хімічної переробки.",
"str_zp_serverrack","Серверна стійка","Серверна стійка","Серверна стійка","Серверна стійка","Серверна стійка","Серверна стійка","Серверна стійка","Серверна стійка","Серверна стійка","Серверна стійка","Серверна стійка","Серверна стійка","Серверна стійка","Серверна стійка",
"str_zp_serverrack_desc","Стійка серверів для зберігання накопичених дослідницьких даних.","Стійка серверів для зберігання накопичених дослідницьких даних.","Стійка серверів для зберігання накопичених дослідницьких даних.","Стійка серверів для зберігання накопичених дослідницьких даних.","Стійка серверів для зберігання накопичених дослідницьких даних.","Стійка серверів для зберігання накопичених дослідницьких даних.","Стійка серверів для зберігання накопичених дослідницьких даних.","Стійка серверів для зберігання накопичених дослідницьких даних.","Стійка серверів для зберігання накопичених дослідницьких даних.","Стійка серверів для зберігання накопичених дослідницьких даних.","Стійка серверів для зберігання накопичених дослідницьких даних.","Стійка серверів для зберігання накопичених дослідницьких даних.","Стійка серверів для зберігання накопичених дослідницьких даних.","Стійка серверів для зберігання накопичених дослідницьких даних.",
"str_zp_samplefridge","Холодильник зразків","Холодильник зразків","Холодильник зразків","Холодильник зразків","Холодильник зразків","Холодильник зразків","Холодильник зразків","Холодильник зразків","Холодильник зразків","Холодильник зразків","Холодильник зразків","Холодильник зразків","Холодильник зразків","Холодильник зразків",
"str_zp_samplefridge_desc","Холодильник для зберігання біологічних зразків.","Холодильник для зберігання біологічних зразків.","Холодильник для зберігання біологічних зразків.","Холодильник для зберігання біологічних зразків.","Холодильник для зберігання біологічних зразків.","Холодильник для зберігання біологічних зразків.","Холодильник для зберігання біологічних зразків.","Холодильник для зберігання біологічних зразків.","Холодильник для зберігання біологічних зразків.","Холодильник для зберігання біологічних зразків.","Холодильник для зберігання біологічних зразків.","Холодильник для зберігання біологічних зразків.","Холодильник для зберігання біологічних зразків.","Холодильник для зберігання біологічних зразків.",
"str_zp_fieldcase","Польовий науковий кейс","Польовий науковий кейс","Польовий науковий кейс","Польовий науковий кейс","Польовий науковий кейс","Польовий науковий кейс","Польовий науковий кейс","Польовий науковий кейс","Польовий науковий кейс","Польовий науковий кейс","Польовий науковий кейс","Польовий науковий кейс","Польовий науковий кейс","Польовий науковий кейс",
"str_zp_fieldcase_desc","Переносний кейс для збору та транспортування зразків у польових умовах.","Переносний кейс для збору та транспортування зразків у польових умовах.","Переносний кейс для збору та транспортування зразків у польових умовах.","Переносний кейс для збору та транспортування зразків у польових умовах.","Переносний кейс для збору та транспортування зразків у польових умовах.","Переносний кейс для збору та транспортування зразків у польових умовах.","Переносний кейс для збору та транспортування зразків у польових умовах.","Переносний кейс для збору та транспортування зразків у польових умовах.","Переносний кейс для збору та транспортування зразків у польових умовах.","Переносний кейс для збору та транспортування зразків у польових умовах.","Переносний кейс для збору та транспортування зразків у польових умовах.","Переносний кейс для збору та транспортування зразків у польових умовах.","Переносний кейс для збору та транспортування зразків у польових умовах.","Переносний кейс для збору та транспортування зразків у польових умовах.",
"str_zp_eco_pack_bio","Біопакувальник (Вчені)","Bio packer (Scientists)","Біопакувальник (Вчені)","Біопакувальник (Вчені)","Біопакувальник (Вчені)","Біопакувальник (Вчені)","Біопакувальник (Вчені)","Біопакувальник (Вчені)","Біопакувальник (Вчені)","Біопакувальник (Вчені)","Біопакувальник (Вчені)","Біопакувальник (Вчені)","Біопакувальник (Вчені)","Біопакувальник (Вчені)",
"str_zp_eco_pack_bio_desc","Стаціонарна станція Вчених: пакує біологічну сировину у зразки. Покладіть сировину в карго приладу та запустіть цикл.","Scientists' station: packs biological raw material into samples. Load the cargo and start the cycle.","Стаціонарна станція Вчених: пакує біологічну сировину у зразки. Покладіть сировину в карго приладу та запустіть цикл.","Стаціонарна станція Вчених: пакує біологічну сировину у зразки. Покладіть сировину в карго приладу та запустіть цикл.","Стаціонарна станція Вчених: пакує біологічну сировину у зразки. Покладіть сировину в карго приладу та запустіть цикл.","Стаціонарна станція Вчених: пакує біологічну сировину у зразки. Покладіть сировину в карго приладу та запустіть цикл.","Стаціонарна станція Вчених: пакує біологічну сировину у зразки. Покладіть сировину в карго приладу та запустіть цикл.","Стаціонарна станція Вчених: пакує біологічну сировину у зразки. Покладіть сировину в карго приладу та запустіть цикл.","Стаціонарна станція Вчених: пакує біологічну сировину у зразки. Покладіть сировину в карго приладу та запустіть цикл.","Стаціонарна станція Вчених: пакує біологічну сировину у зразки. Покладіть сировину в карго приладу та запустіть цикл.","Стаціонарна станція Вчених: пакує біологічну сировину у зразки. Покладіть сировину в карго приладу та запустіть цикл.","Стаціонарна станція Вчених: пакує біологічну сировину у зразки. Покладіть сировину в карго приладу та запустіть цикл.","Стаціонарна станція Вчених: пакує біологічну сировину у зразки. Покладіть сировину в карго приладу та запустіть цикл.","Стаціонарна станція Вчених: пакує біологічну сировину у зразки. Покладіть сировину в карго приладу та запустіть цикл.",
"str_zp_eco_pack_anom","Пакувальник аномального (Вчені)","Anomaly packer (Scientists)","Пакувальник аномального (Вчені)","Пакувальник аномального (Вчені)","Пакувальник аномального (Вчені)","Пакувальник аномального (Вчені)","Пакувальник аномального (Вчені)","Пакувальник аномального (Вчені)","Пакувальник аномального (Вчені)","Пакувальник аномального (Вчені)","Пакувальник аномального (Вчені)","Пакувальник аномального (Вчені)","Пакувальник аномального (Вчені)","Пакувальник аномального (Вчені)",
"str_zp_eco_pack_anom_desc","Стаціонарна станція Вчених: пакує аномальну сировину у зразки. Покладіть сировину в карго приладу та запустіть цикл.","Scientists' station: packs anomalous raw material into samples. Load the cargo and start the cycle.","Стаціонарна станція Вчених: пакує аномальну сировину у зразки. Покладіть сировину в карго приладу та запустіть цикл.","Стаціонарна станція Вчених: пакує аномальну сировину у зразки. Покладіть сировину в карго приладу та запустіть цикл.","Стаціонарна станція Вчених: пакує аномальну сировину у зразки. Покладіть сировину в карго приладу та запустіть цикл.","Стаціонарна станція Вчених: пакує аномальну сировину у зразки. Покладіть сировину в карго приладу та запустіть цикл.","Стаціонарна станція Вчених: пакує аномальну сировину у зразки. Покладіть сировину в карго приладу та запустіть цикл.","Стаціонарна станція Вчених: пакує аномальну сировину у зразки. Покладіть сировину в карго приладу та запустіть цикл.","Стаціонарна станція Вчених: пакує аномальну сировину у зразки. Покладіть сировину в карго приладу та запустіть цикл.","Стаціонарна станція Вчених: пакує аномальну сировину у зразки. Покладіть сировину в карго приладу та запустіть цикл.","Стаціонарна станція Вчених: пакує аномальну сировину у зразки. Покладіть сировину в карго приладу та запустіть цикл.","Стаціонарна станція Вчених: пакує аномальну сировину у зразки. Покладіть сировину в карго приладу та запустіть цикл.","Стаціонарна станція Вчених: пакує аномальну сировину у зразки. Покладіть сировину в карго приладу та запустіть цикл.","Стаціонарна станція Вчених: пакує аномальну сировину у зразки. Покладіть сировину в карго приладу та запустіть цикл.",
"str_zp_eco_pack_electro","Пакувальник електроніки (Вчені)","Electronics packer (Scientists)","Пакувальник електроніки (Вчені)","Пакувальник електроніки (Вчені)","Пакувальник електроніки (Вчені)","Пакувальник електроніки (Вчені)","Пакувальник електроніки (Вчені)","Пакувальник електроніки (Вчені)","Пакувальник електроніки (Вчені)","Пакувальник електроніки (Вчені)","Пакувальник електроніки (Вчені)","Пакувальник електроніки (Вчені)","Пакувальник електроніки (Вчені)","Пакувальник електроніки (Вчені)",
"str_zp_eco_pack_electro_desc","Стаціонарна станція Вчених: пакує технічну сировину у зразки. Покладіть сировину в карго приладу та запустіть цикл.","Scientists' station: packs technical raw material into samples. Load the cargo and start the cycle.","Стаціонарна станція Вчених: пакує технічну сировину у зразки. Покладіть сировину в карго приладу та запустіть цикл.","Стаціонарна станція Вчених: пакує технічну сировину у зразки. Покладіть сировину в карго приладу та запустіть цикл.","Стаціонарна станція Вчених: пакує технічну сировину у зразки. Покладіть сировину в карго приладу та запустіть цикл.","Стаціонарна станція Вчених: пакує технічну сировину у зразки. Покладіть сировину в карго приладу та запустіть цикл.","Стаціонарна станція Вчених: пакує технічну сировину у зразки. Покладіть сировину в карго приладу та запустіть цикл.","Стаціонарна станція Вчених: пакує технічну сировину у зразки. Покладіть сировину в карго приладу та запустіть цикл.","Стаціонарна станція Вчених: пакує технічну сировину у зразки. Покладіть сировину в карго приладу та запустіть цикл.","Стаціонарна станція Вчених: пакує технічну сировину у зразки. Покладіть сировину в карго приладу та запустіть цикл.","Стаціонарна станція Вчених: пакує технічну сировину у зразки. Покладіть сировину в карго приладу та запустіть цикл.","Стаціонарна станція Вчених: пакує технічну сировину у зразки. Покладіть сировину в карго приладу та запустіть цикл.","Стаціонарна станція Вчених: пакує технічну сировину у зразки. Покладіть сировину в карго приладу та запустіть цикл.","Стаціонарна станція Вчених: пакує технічну сировину у зразки. Покладіть сировину в карго приладу та запустіть цикл.",
"str_zp_eco_proc_bio","Біоаналізатор (Вчені)","Bio analyzer (Scientists)","Біоаналізатор (Вчені)","Біоаналізатор (Вчені)","Біоаналізатор (Вчені)","Біоаналізатор (Вчені)","Біоаналізатор (Вчені)","Біоаналізатор (Вчені)","Біоаналізатор (Вчені)","Біоаналізатор (Вчені)","Біоаналізатор (Вчені)","Біоаналізатор (Вчені)","Біоаналізатор (Вчені)","Біоаналізатор (Вчені)",
"str_zp_eco_proc_bio_desc","Стаціонарна станція Вчених: переробляє біозразки на носії даних. Покладіть зразки в карго приладу та запустіть цикл.","Scientists' station: turns bio samples into data carriers. Load the cargo and start the cycle.","Стаціонарна станція Вчених: переробляє біозразки на носії даних. Покладіть зразки в карго приладу та запустіть цикл.","Стаціонарна станція Вчених: переробляє біозразки на носії даних. Покладіть зразки в карго приладу та запустіть цикл.","Стаціонарна станція Вчених: переробляє біозразки на носії даних. Покладіть зразки в карго приладу та запустіть цикл.","Стаціонарна станція Вчених: переробляє біозразки на носії даних. Покладіть зразки в карго приладу та запустіть цикл.","Стаціонарна станція Вчених: переробляє біозразки на носії даних. Покладіть зразки в карго приладу та запустіть цикл.","Стаціонарна станція Вчених: переробляє біозразки на носії даних. Покладіть зразки в карго приладу та запустіть цикл.","Стаціонарна станція Вчених: переробляє біозразки на носії даних. Покладіть зразки в карго приладу та запустіть цикл.","Стаціонарна станція Вчених: переробляє біозразки на носії даних. Покладіть зразки в карго приладу та запустіть цикл.","Стаціонарна станція Вчених: переробляє біозразки на носії даних. Покладіть зразки в карго приладу та запустіть цикл.","Стаціонарна станція Вчених: переробляє біозразки на носії даних. Покладіть зразки в карго приладу та запустіть цикл.","Стаціонарна станція Вчених: переробляє біозразки на носії даних. Покладіть зразки в карго приладу та запустіть цикл.","Стаціонарна станція Вчених: переробляє біозразки на носії даних. Покладіть зразки в карго приладу та запустіть цикл.",
"str_zp_eco_proc_anom","Аналізатор аномального (Вчені)","Anomaly analyzer (Scientists)","Аналізатор аномального (Вчені)","Аналізатор аномального (Вчені)","Аналізатор аномального (Вчені)","Аналізатор аномального (Вчені)","Аналізатор аномального (Вчені)","Аналізатор аномального (Вчені)","Аналізатор аномального (Вчені)","Аналізатор аномального (Вчені)","Аналізатор аномального (Вчені)","Аналізатор аномального (Вчені)","Аналізатор аномального (Вчені)","Аналізатор аномального (Вчені)",
"str_zp_eco_proc_anom_desc","Стаціонарна станція Вчених: переробляє аномальні зразки на носії даних. Покладіть зразки в карго приладу та запустіть цикл.","Scientists' station: turns anomalous samples into data carriers. Load the cargo and start the cycle.","Стаціонарна станція Вчених: переробляє аномальні зразки на носії даних. Покладіть зразки в карго приладу та запустіть цикл.","Стаціонарна станція Вчених: переробляє аномальні зразки на носії даних. Покладіть зразки в карго приладу та запустіть цикл.","Стаціонарна станція Вчених: переробляє аномальні зразки на носії даних. Покладіть зразки в карго приладу та запустіть цикл.","Стаціонарна станція Вчених: переробляє аномальні зразки на носії даних. Покладіть зразки в карго приладу та запустіть цикл.","Стаціонарна станція Вчених: переробляє аномальні зразки на носії даних. Покладіть зразки в карго приладу та запустіть цикл.","Стаціонарна станція Вчених: переробляє аномальні зразки на носії даних. Покладіть зразки в карго приладу та запустіть цикл.","Стаціонарна станція Вчених: переробляє аномальні зразки на носії даних. Покладіть зразки в карго приладу та запустіть цикл.","Стаціонарна станція Вчених: переробляє аномальні зразки на носії даних. Покладіть зразки в карго приладу та запустіть цикл.","Стаціонарна станція Вчених: переробляє аномальні зразки на носії даних. Покладіть зразки в карго приладу та запустіть цикл.","Стаціонарна станція Вчених: переробляє аномальні зразки на носії даних. Покладіть зразки в карго приладу та запустіть цикл.","Стаціонарна станція Вчених: переробляє аномальні зразки на носії даних. Покладіть зразки в карго приладу та запустіть цикл.","Стаціонарна станція Вчених: переробляє аномальні зразки на носії даних. Покладіть зразки в карго приладу та запустіть цикл.",
"str_zp_eco_proc_electro","Аналізатор електроніки (Вчені)","Electronics analyzer (Scientists)","Аналізатор електроніки (Вчені)","Аналізатор електроніки (Вчені)","Аналізатор електроніки (Вчені)","Аналізатор електроніки (Вчені)","Аналізатор електроніки (Вчені)","Аналізатор електроніки (Вчені)","Аналізатор електроніки (Вчені)","Аналізатор електроніки (Вчені)","Аналізатор електроніки (Вчені)","Аналізатор електроніки (Вчені)","Аналізатор електроніки (Вчені)","Аналізатор електроніки (Вчені)",
"str_zp_eco_proc_electro_desc","Стаціонарна станція Вчених: переробляє технічні зразки на носії даних. Покладіть зразки в карго приладу та запустіть цикл.","Scientists' station: turns technical samples into data carriers. Load the cargo and start the cycle.","Стаціонарна станція Вчених: переробляє технічні зразки на носії даних. Покладіть зразки в карго приладу та запустіть цикл.","Стаціонарна станція Вчених: переробляє технічні зразки на носії даних. Покладіть зразки в карго приладу та запустіть цикл.","Стаціонарна станція Вчених: переробляє технічні зразки на носії даних. Покладіть зразки в карго приладу та запустіть цикл.","Стаціонарна станція Вчених: переробляє технічні зразки на носії даних. Покладіть зразки в карго приладу та запустіть цикл.","Стаціонарна станція Вчених: переробляє технічні зразки на носії даних. Покладіть зразки в карго приладу та запустіть цикл.","Стаціонарна станція Вчених: переробляє технічні зразки на носії даних. Покладіть зразки в карго приладу та запустіть цикл.","Стаціонарна станція Вчених: переробляє технічні зразки на носії даних. Покладіть зразки в карго приладу та запустіть цикл.","Стаціонарна станція Вчених: переробляє технічні зразки на носії даних. Покладіть зразки в карго приладу та запустіть цикл.","Стаціонарна станція Вчених: переробляє технічні зразки на носії даних. Покладіть зразки в карго приладу та запустіть цикл.","Стаціонарна станція Вчених: переробляє технічні зразки на носії даних. Покладіть зразки в карго приладу та запустіть цикл.","Стаціонарна станція Вчених: переробляє технічні зразки на носії даних. Покладіть зразки в карго приладу та запустіть цикл.","Стаціонарна станція Вчених: переробляє технічні зразки на носії даних. Покладіть зразки в карго приладу та запустіть цикл.",
"str_zp_sky_pack_bio","Біопакувальник (Чисте небо)","Bio packer (Clear Sky)","Біопакувальник (Чисте небо)","Біопакувальник (Чисте небо)","Біопакувальник (Чисте небо)","Біопакувальник (Чисте небо)","Біопакувальник (Чисте небо)","Біопакувальник (Чисте небо)","Біопакувальник (Чисте небо)","Біопакувальник (Чисте небо)","Біопакувальник (Чисте небо)","Біопакувальник (Чисте небо)","Біопакувальник (Чисте небо)","Біопакувальник (Чисте небо)",
"str_zp_sky_pack_bio_desc","Стаціонарна станція Чистого неба: пакує біологічну сировину у зразки. Покладіть сировину в карго приладу та запустіть цикл.","Clear Sky station: packs biological raw material into samples. Load the cargo and start the cycle.","Стаціонарна станція Чистого неба: пакує біологічну сировину у зразки. Покладіть сировину в карго приладу та запустіть цикл.","Стаціонарна станція Чистого неба: пакує біологічну сировину у зразки. Покладіть сировину в карго приладу та запустіть цикл.","Стаціонарна станція Чистого неба: пакує біологічну сировину у зразки. Покладіть сировину в карго приладу та запустіть цикл.","Стаціонарна станція Чистого неба: пакує біологічну сировину у зразки. Покладіть сировину в карго приладу та запустіть цикл.","Стаціонарна станція Чистого неба: пакує біологічну сировину у зразки. Покладіть сировину в карго приладу та запустіть цикл.","Стаціонарна станція Чистого неба: пакує біологічну сировину у зразки. Покладіть сировину в карго приладу та запустіть цикл.","Стаціонарна станція Чистого неба: пакує біологічну сировину у зразки. Покладіть сировину в карго приладу та запустіть цикл.","Стаціонарна станція Чистого неба: пакує біологічну сировину у зразки. Покладіть сировину в карго приладу та запустіть цикл.","Стаціонарна станція Чистого неба: пакує біологічну сировину у зразки. Покладіть сировину в карго приладу та запустіть цикл.","Стаціонарна станція Чистого неба: пакує біологічну сировину у зразки. Покладіть сировину в карго приладу та запустіть цикл.","Стаціонарна станція Чистого неба: пакує біологічну сировину у зразки. Покладіть сировину в карго приладу та запустіть цикл.","Стаціонарна станція Чистого неба: пакує біологічну сировину у зразки. Покладіть сировину в карго приладу та запустіть цикл.",
"str_zp_sky_pack_anom","Пакувальник аномального (Чисте небо)","Anomaly packer (Clear Sky)","Пакувальник аномального (Чисте небо)","Пакувальник аномального (Чисте небо)","Пакувальник аномального (Чисте небо)","Пакувальник аномального (Чисте небо)","Пакувальник аномального (Чисте небо)","Пакувальник аномального (Чисте небо)","Пакувальник аномального (Чисте небо)","Пакувальник аномального (Чисте небо)","Пакувальник аномального (Чисте небо)","Пакувальник аномального (Чисте небо)","Пакувальник аномального (Чисте небо)","Пакувальник аномального (Чисте небо)",
"str_zp_sky_pack_anom_desc","Стаціонарна станція Чистого неба: пакує аномальну сировину у зразки. Покладіть сировину в карго приладу та запустіть цикл.","Clear Sky station: packs anomalous raw material into samples. Load the cargo and start the cycle.","Стаціонарна станція Чистого неба: пакує аномальну сировину у зразки. Покладіть сировину в карго приладу та запустіть цикл.","Стаціонарна станція Чистого неба: пакує аномальну сировину у зразки. Покладіть сировину в карго приладу та запустіть цикл.","Стаціонарна станція Чистого неба: пакує аномальну сировину у зразки. Покладіть сировину в карго приладу та запустіть цикл.","Стаціонарна станція Чистого неба: пакує аномальну сировину у зразки. Покладіть сировину в карго приладу та запустіть цикл.","Стаціонарна станція Чистого неба: пакує аномальну сировину у зразки. Покладіть сировину в карго приладу та запустіть цикл.","Стаціонарна станція Чистого неба: пакує аномальну сировину у зразки. Покладіть сировину в карго приладу та запустіть цикл.","Стаціонарна станція Чистого неба: пакує аномальну сировину у зразки. Покладіть сировину в карго приладу та запустіть цикл.","Стаціонарна станція Чистого неба: пакує аномальну сировину у зразки. Покладіть сировину в карго приладу та запустіть цикл.","Стаціонарна станція Чистого неба: пакує аномальну сировину у зразки. Покладіть сировину в карго приладу та запустіть цикл.","Стаціонарна станція Чистого неба: пакує аномальну сировину у зразки. Покладіть сировину в карго приладу та запустіть цикл.","Стаціонарна станція Чистого неба: пакує аномальну сировину у зразки. Покладіть сировину в карго приладу та запустіть цикл.","Стаціонарна станція Чистого неба: пакує аномальну сировину у зразки. Покладіть сировину в карго приладу та запустіть цикл.",
"str_zp_sky_pack_electro","Пакувальник електроніки (Чисте небо)","Electronics packer (Clear Sky)","Пакувальник електроніки (Чисте небо)","Пакувальник електроніки (Чисте небо)","Пакувальник електроніки (Чисте небо)","Пакувальник електроніки (Чисте небо)","Пакувальник електроніки (Чисте небо)","Пакувальник електроніки (Чисте небо)","Пакувальник електроніки (Чисте небо)","Пакувальник електроніки (Чисте небо)","Пакувальник електроніки (Чисте небо)","Пакувальник електроніки (Чисте небо)","Пакувальник електроніки (Чисте небо)","Пакувальник електроніки (Чисте небо)",
"str_zp_sky_pack_electro_desc","Стаціонарна станція Чистого неба: пакує технічну сировину у зразки. Покладіть сировину в карго приладу та запустіть цикл.","Clear Sky station: packs technical raw material into samples. Load the cargo and start the cycle.","Стаціонарна станція Чистого неба: пакує технічну сировину у зразки. Покладіть сировину в карго приладу та запустіть цикл.","Стаціонарна станція Чистого неба: пакує технічну сировину у зразки. Покладіть сировину в карго приладу та запустіть цикл.","Стаціонарна станція Чистого неба: пакує технічну сировину у зразки. Покладіть сировину в карго приладу та запустіть цикл.","Стаціонарна станція Чистого неба: пакує технічну сировину у зразки. Покладіть сировину в карго приладу та запустіть цикл.","Стаціонарна станція Чистого неба: пакує технічну сировину у зразки. Покладіть сировину в карго приладу та запустіть цикл.","Стаціонарна станція Чистого неба: пакує технічну сировину у зразки. Покладіть сировину в карго приладу та запустіть цикл.","Стаціонарна станція Чистого неба: пакує технічну сировину у зразки. Покладіть сировину в карго приладу та запустіть цикл.","Стаціонарна станція Чистого неба: пакує технічну сировину у зразки. Покладіть сировину в карго приладу та запустіть цикл.","Стаціонарна станція Чистого неба: пакує технічну сировину у зразки. Покладіть сировину в карго приладу та запустіть цикл.","Стаціонарна станція Чистого неба: пакує технічну сировину у зразки. Покладіть сировину в карго приладу та запустіть цикл.","Стаціонарна станція Чистого неба: пакує технічну сировину у зразки. Покладіть сировину в карго приладу та запустіть цикл.","Стаціонарна станція Чистого неба: пакує технічну сировину у зразки. Покладіть сировину в карго приладу та запустіть цикл.",
"str_zp_sky_proc_bio","Біоаналізатор (Чисте небо)","Bio analyzer (Clear Sky)","Біоаналізатор (Чисте небо)","Біоаналізатор (Чисте небо)","Біоаналізатор (Чисте небо)","Біоаналізатор (Чисте небо)","Біоаналізатор (Чисте небо)","Біоаналізатор (Чисте небо)","Біоаналізатор (Чисте небо)","Біоаналізатор (Чисте небо)","Біоаналізатор (Чисте небо)","Біоаналізатор (Чисте небо)","Біоаналізатор (Чисте небо)","Біоаналізатор (Чисте небо)",
"str_zp_sky_proc_bio_desc","Стаціонарна станція Чистого неба: переробляє біозразки на носії даних. Покладіть зразки в карго приладу та запустіть цикл.","Clear Sky station: turns bio samples into data carriers. Load the cargo and start the cycle.","Стаціонарна станція Чистого неба: переробляє біозразки на носії даних. Покладіть зразки в карго приладу та запустіть цикл.","Стаціонарна станція Чистого неба: переробляє біозразки на носії даних. Покладіть зразки в карго приладу та запустіть цикл.","Стаціонарна станція Чистого неба: переробляє біозразки на носії даних. Покладіть зразки в карго приладу та запустіть цикл.","Стаціонарна станція Чистого неба: переробляє біозразки на носії даних. Покладіть зразки в карго приладу та запустіть цикл.","Стаціонарна станція Чистого неба: переробляє біозразки на носії даних. Покладіть зразки в карго приладу та запустіть цикл.","Стаціонарна станція Чистого неба: переробляє біозразки на носії даних. Покладіть зразки в карго приладу та запустіть цикл.","Стаціонарна станція Чистого неба: переробляє біозразки на носії даних. Покладіть зразки в карго приладу та запустіть цикл.","Стаціонарна станція Чистого неба: переробляє біозразки на носії даних. Покладіть зразки в карго приладу та запустіть цикл.","Стаціонарна станція Чистого неба: переробляє біозразки на носії даних. Покладіть зразки в карго приладу та запустіть цикл.","Стаціонарна станція Чистого неба: переробляє біозразки на носії даних. Покладіть зразки в карго приладу та запустіть цикл.","Стаціонарна станція Чистого неба: переробляє біозразки на носії даних. Покладіть зразки в карго приладу та запустіть цикл.","Стаціонарна станція Чистого неба: переробляє біозразки на носії даних. Покладіть зразки в карго приладу та запустіть цикл.",
"str_zp_sky_proc_anom","Аналізатор аномального (Чисте небо)","Anomaly analyzer (Clear Sky)","Аналізатор аномального (Чисте небо)","Аналізатор аномального (Чисте небо)","Аналізатор аномального (Чисте небо)","Аналізатор аномального (Чисте небо)","Аналізатор аномального (Чисте небо)","Аналізатор аномального (Чисте небо)","Аналізатор аномального (Чисте небо)","Аналізатор аномального (Чисте небо)","Аналізатор аномального (Чисте небо)","Аналізатор аномального (Чисте небо)","Аналізатор аномального (Чисте небо)","Аналізатор аномального (Чисте небо)",
"str_zp_sky_proc_anom_desc","Стаціонарна станція Чистого неба: переробляє аномальні зразки на носії даних. Покладіть зразки в карго приладу та запустіть цикл.","Clear Sky station: turns anomalous samples into data carriers. Load the cargo and start the cycle.","Стаціонарна станція Чистого неба: переробляє аномальні зразки на носії даних. Покладіть зразки в карго приладу та запустіть цикл.","Стаціонарна станція Чистого неба: переробляє аномальні зразки на носії даних. Покладіть зразки в карго приладу та запустіть цикл.","Стаціонарна станція Чистого неба: переробляє аномальні зразки на носії даних. Покладіть зразки в карго приладу та запустіть цикл.","Стаціонарна станція Чистого неба: переробляє аномальні зразки на носії даних. Покладіть зразки в карго приладу та запустіть цикл.","Стаціонарна станція Чистого неба: переробляє аномальні зразки на носії даних. Покладіть зразки в карго приладу та запустіть цикл.","Стаціонарна станція Чистого неба: переробляє аномальні зразки на носії даних. Покладіть зразки в карго приладу та запустіть цикл.","Стаціонарна станція Чистого неба: переробляє аномальні зразки на носії даних. Покладіть зразки в карго приладу та запустіть цикл.","Стаціонарна станція Чистого неба: переробляє аномальні зразки на носії даних. Покладіть зразки в карго приладу та запустіть цикл.","Стаціонарна станція Чистого неба: переробляє аномальні зразки на носії даних. Покладіть зразки в карго приладу та запустіть цикл.","Стаціонарна станція Чистого неба: переробляє аномальні зразки на носії даних. Покладіть зразки в карго приладу та запустіть цикл.","Стаціонарна станція Чистого неба: переробляє аномальні зразки на носії даних. Покладіть зразки в карго приладу та запустіть цикл.","Стаціонарна станція Чистого неба: переробляє аномальні зразки на носії даних. Покладіть зразки в карго приладу та запустіть цикл.",
"str_zp_sky_proc_electro","Аналізатор електроніки (Чисте небо)","Electronics analyzer (Clear Sky)","Аналізатор електроніки (Чисте небо)","Аналізатор електроніки (Чисте небо)","Аналізатор електроніки (Чисте небо)","Аналізатор електроніки (Чисте небо)","Аналізатор електроніки (Чисте небо)","Аналізатор електроніки (Чисте небо)","Аналізатор електроніки (Чисте небо)","Аналізатор електроніки (Чисте небо)","Аналізатор електроніки (Чисте небо)","Аналізатор електроніки (Чисте небо)","Аналізатор електроніки (Чисте небо)","Аналізатор електроніки (Чисте небо)",
"str_zp_sky_proc_electro_desc","Стаціонарна станція Чистого неба: переробляє технічні зразки на носії даних. Покладіть зразки в карго приладу та запустіть цикл.","Clear Sky station: turns technical samples into data carriers. Load the cargo and start the cycle.","Стаціонарна станція Чистого неба: переробляє технічні зразки на носії даних. Покладіть зразки в карго приладу та запустіть цикл.","Стаціонарна станція Чистого неба: переробляє технічні зразки на носії даних. Покладіть зразки в карго приладу та запустіть цикл.","Стаціонарна станція Чистого неба: переробляє технічні зразки на носії даних. Покладіть зразки в карго приладу та запустіть цикл.","Стаціонарна станція Чистого неба: переробляє технічні зразки на носії даних. Покладіть зразки в карго приладу та запустіть цикл.","Стаціонарна станція Чистого неба: переробляє технічні зразки на носії даних. Покладіть зразки в карго приладу та запустіть цикл.","Стаціонарна станція Чистого неба: переробляє технічні зразки на носії даних. Покладіть зразки в карго приладу та запустіть цикл.","Стаціонарна станція Чистого неба: переробляє технічні зразки на носії даних. Покладіть зразки в карго приладу та запустіть цикл.","Стаціонарна станція Чистого неба: переробляє технічні зразки на носії даних. Покладіть зразки в карго приладу та запустіть цикл.","Стаціонарна станція Чистого неба: переробляє технічні зразки на носії даних. Покладіть зразки в карго приладу та запустіть цикл.","Стаціонарна станція Чистого неба: переробляє технічні зразки на носії даних. Покладіть зразки в карго приладу та запустіть цикл.","Стаціонарна станція Чистого неба: переробляє технічні зразки на носії даних. Покладіть зразки в карго приладу та запустіть цикл.","Стаціонарна станція Чистого неба: переробляє технічні зразки на носії даних. Покладіть зразки в карго приладу та запустіть цикл.",
"str_zp_action_startstation","Запустити аналіз","Запустити аналіз","Запустити аналіз","Запустити аналіз","Запустити аналіз","Запустити аналіз","Запустити аналіз","Запустити аналіз","Запустити аналіз","Запустити аналіз","Запустити аналіз","Запустити аналіз","Запустити аналіз","Запустити аналіз",
"str_zp_ui_editor_title","ZP Research — редактор конфігів (фаза 1)","ZP Research — редактор конфігів (фаза 1)","ZP Research — редактор конфігів (фаза 1)","ZP Research — редактор конфігів (фаза 1)","ZP Research — редактор конфігів (фаза 1)","ZP Research — редактор конфігів (фаза 1)","ZP Research — редактор конфігів (фаза 1)","ZP Research — редактор конфігів (фаза 1)","ZP Research — редактор конфігів (фаза 1)","ZP Research — редактор конфігів (фаза 1)","ZP Research — редактор конфігів (фаза 1)","ZP Research — редактор конфігів (фаза 1)","ZP Research — редактор конфігів (фаза 1)","ZP Research — редактор конфігів (фаза 1)",
"str_zp_ui_sec_rules","Правила","Правила","Правила","Правила","Правила","Правила","Правила","Правила","Правила","Правила","Правила","Правила","Правила","Правила",
"str_zp_ui_sec_nodes","Вузли дерева","Вузли дерева","Вузли дерева","Вузли дерева","Вузли дерева","Вузли дерева","Вузли дерева","Вузли дерева","Вузли дерева","Вузли дерева","Вузли дерева","Вузли дерева","Вузли дерева","Вузли дерева",
"str_zp_ui_sec_pointtypes","Типи балів","Типи балів","Типи балів","Типи балів","Типи балів","Типи балів","Типи балів","Типи балів","Типи балів","Типи балів","Типи балів","Типи балів","Типи балів","Типи балів",
"str_zp_ui_sec_settings","Налаштування","Налаштування","Налаштування","Налаштування","Налаштування","Налаштування","Налаштування","Налаштування","Налаштування","Налаштування","Налаштування","Налаштування","Налаштування","Налаштування",
"str_zp_ui_sec_factions","Фракції","Фракції","Фракції","Фракції","Фракції","Фракції","Фракції","Фракції","Фракції","Фракції","Фракції","Фракції","Фракції","Фракції",
"str_zp_ui_vpp_title","ZP Research — адміністрування","ZP Research — адміністрування","ZP Research — адміністрування","ZP Research — адміністрування","ZP Research — адміністрування","ZP Research — адміністрування","ZP Research — адміністрування","ZP Research — адміністрування","ZP Research — адміністрування","ZP Research — адміністрування","ZP Research — адміністрування","ZP Research — адміністрування","ZP Research — адміністрування","ZP Research — адміністрування",
"str_zp_ui_btn_new","Створити","Створити","Створити","Створити","Створити","Створити","Створити","Створити","Створити","Створити","Створити","Створити","Створити","Створити",
"str_zp_ui_btn_delete","Видалити","Видалити","Видалити","Видалити","Видалити","Видалити","Видалити","Видалити","Видалити","Видалити","Видалити","Видалити","Видалити","Видалити",
"str_zp_ui_btn_apply","Застосувати","Застосувати","Застосувати","Застосувати","Застосувати","Застосувати","Застосувати","Застосувати","Застосувати","Застосувати","Застосувати","Застосувати","Застосувати","Застосувати",
"str_zp_ui_btn_toggle","Увімк. / Вимк.","Увімк. / Вимк.","Увімк. / Вимк.","Увімк. / Вимк.","Увімк. / Вимк.","Увімк. / Вимк.","Увімк. / Вимк.","Увімк. / Вимк.","Увімк. / Вимк.","Увімк. / Вимк.","Увімк. / Вимк.","Увімк. / Вимк.","Увімк. / Вимк.","Увімк. / Вимк.",
"str_zp_ui_btn_refresh","Оновити","Оновити","Оновити","Оновити","Оновити","Оновити","Оновити","Оновити","Оновити","Оновити","Оновити","Оновити","Оновити","Оновити",
"str_zp_ui_btn_reload","Перечитати з диска","Перечитати з диска","Перечитати з диска","Перечитати з диска","Перечитати з диска","Перечитати з диска","Перечитати з диска","Перечитати з диска","Перечитати з диска","Перечитати з диска","Перечитати з диска","Перечитати з диска","Перечитати з диска","Перечитати з диска",
"str_zp_ui_btn_close","Закрити","Закрити","Закрити","Закрити","Закрити","Закрити","Закрити","Закрити","Закрити","Закрити","Закрити","Закрити","Закрити","Закрити",
"str_zp_ui_tree_title","Дерево досліджень","Дерево досліджень","Дерево досліджень","Дерево досліджень","Дерево досліджень","Дерево досліджень","Дерево досліджень","Дерево досліджень","Дерево досліджень","Дерево досліджень","Дерево досліджень","Дерево досліджень","Дерево досліджень","Дерево досліджень",
"str_zp_ui_cost_label","Вартість:","Вартість:","Вартість:","Вартість:","Вартість:","Вартість:","Вартість:","Вартість:","Вартість:","Вартість:","Вартість:","Вартість:","Вартість:","Вартість:",
"str_zp_ui_btn_research","Дослідити","Дослідити","Дослідити","Дослідити","Дослідити","Дослідити","Дослідити","Дослідити","Дослідити","Дослідити","Дослідити","Дослідити","Дослідити","Дослідити",
"str_zp_action_opentree","Відкрити дерево досліджень","Відкрити дерево досліджень","Відкрити дерево досліджень","Відкрити дерево досліджень","Відкрити дерево досліджень","Відкрити дерево досліджень","Відкрити дерево досліджень","Відкрити дерево досліджень","Відкрити дерево досліджень","Відкрити дерево досліджень","Відкрити дерево досліджень","Відкрити дерево досліджень","Відкрити дерево досліджень","Відкрити дерево досліджень",
"str_zp_action_deposit","Здати дані","Здати дані","Здати дані","Здати дані","Здати дані","Здати дані","Здати дані","Здати дані","Здати дані","Здати дані","Здати дані","Здати дані","Здати дані","Здати дані",
"str_zp_testterminal","Тестовий термінал (діагностика)","Тестовий термінал (діагностика)","Тестовий термінал (діагностика)","Тестовий термінал (діагностика)","Тестовий термінал (діагностика)","Тестовий термінал (діагностика)","Тестовий термінал (діагностика)","Тестовий термінал (діагностика)","Тестовий термінал (діагностика)","Тестовий термінал (діагностика)","Тестовий термінал (діагностика)","Тестовий термінал (діагностика)","Тестовий термінал (діагностика)","Тестовий термінал (діагностика)",
"str_zp_ui_points_title","Бали фракції","Бали фракції","Бали фракції","Бали фракції","Бали фракції","Бали фракції","Бали фракції","Бали фракції","Бали фракції","Бали фракції","Бали фракції","Бали фракції","Бали фракції","Бали фракції",
"str_zp_action_collect","Забрати результат","Забрати результат","Забрати результат","Забрати результат","Забрати результат","Забрати результат","Забрати результат","Забрати результат","Забрати результат","Забрати результат","Забрати результат","Забрати результат","Забрати результат","Забрати результат",
"str_zp_slot_tool","Модуль","Модуль","Модуль","Модуль","Модуль","Модуль","Модуль","Модуль","Модуль","Модуль","Модуль","Модуль","Модуль","Модуль",
"str_zp_tool_optics","Оптичний модуль","Оптичний модуль","Оптичний модуль","Оптичний модуль","Оптичний модуль","Оптичний модуль","Оптичний модуль","Оптичний модуль","Оптичний модуль","Оптичний модуль","Оптичний модуль","Оптичний модуль","Оптичний модуль","Оптичний модуль",
"str_zp_tool_optics_desc","Приладдя для тонкого аналізу зразків.","Приладдя для тонкого аналізу зразків.","Приладдя для тонкого аналізу зразків.","Приладдя для тонкого аналізу зразків.","Приладдя для тонкого аналізу зразків.","Приладдя для тонкого аналізу зразків.","Приладдя для тонкого аналізу зразків.","Приладдя для тонкого аналізу зразків.","Приладдя для тонкого аналізу зразків.","Приладдя для тонкого аналізу зразків.","Приладдя для тонкого аналізу зразків.","Приладдя для тонкого аналізу зразків.","Приладдя для тонкого аналізу зразків.","Приладдя для тонкого аналізу зразків.",
"str_zp_tool_centrifuge","Центрифуга","Центрифуга","Центрифуга","Центрифуга","Центрифуга","Центрифуга","Центрифуга","Центрифуга","Центрифуга","Центрифуга","Центрифуга","Центрифуга","Центрифуга","Центрифуга",
"str_zp_tool_centrifuge_desc","Розділяє фракції зразка.","Розділяє фракції зразка.","Розділяє фракції зразка.","Розділяє фракції зразка.","Розділяє фракції зразка.","Розділяє фракції зразка.","Розділяє фракції зразка.","Розділяє фракції зразка.","Розділяє фракції зразка.","Розділяє фракції зразка.","Розділяє фракції зразка.","Розділяє фракції зразка.","Розділяє фракції зразка.","Розділяє фракції зразка.",
"str_zp_tool_reagents","Набір реагентів","Набір реагентів","Набір реагентів","Набір реагентів","Набір реагентів","Набір реагентів","Набір реагентів","Набір реагентів","Набір реагентів","Набір реагентів","Набір реагентів","Набір реагентів","Набір реагентів","Набір реагентів",
"str_zp_tool_reagents_desc","Хімічні реагенти для обробки проб.","Хімічні реагенти для обробки проб.","Хімічні реагенти для обробки проб.","Хімічні реагенти для обробки проб.","Хімічні реагенти для обробки проб.","Хімічні реагенти для обробки проб.","Хімічні реагенти для обробки проб.","Хімічні реагенти для обробки проб.","Хімічні реагенти для обробки проб.","Хімічні реагенти для обробки проб.","Хімічні реагенти для обробки проб.","Хімічні реагенти для обробки проб.","Хімічні реагенти для обробки проб.","Хімічні реагенти для обробки проб.",
"str_zp_sample","Зразок","Зразок","Зразок","Зразок","Зразок","Зразок","Зразок","Зразок","Зразок","Зразок","Зразок","Зразок","Зразок","Зразок",
"str_zp_sample_desc","Запаяний контейнер із матеріалом, підготовленим до аналізу. Що саме всередині, покаже лише прилад.","Запаяний контейнер із матеріалом, підготовленим до аналізу. Що саме всередині, покаже лише прилад.","Запаяний контейнер із матеріалом, підготовленим до аналізу. Що саме всередині, покаже лише прилад.","Запаяний контейнер із матеріалом, підготовленим до аналізу. Що саме всередині, покаже лише прилад.","Запаяний контейнер із матеріалом, підготовленим до аналізу. Що саме всередині, покаже лише прилад.","Запаяний контейнер із матеріалом, підготовленим до аналізу. Що саме всередині, покаже лише прилад.","Запаяний контейнер із матеріалом, підготовленим до аналізу. Що саме всередині, покаже лише прилад.","Запаяний контейнер із матеріалом, підготовленим до аналізу. Що саме всередині, покаже лише прилад.","Запаяний контейнер із матеріалом, підготовленим до аналізу. Що саме всередині, покаже лише прилад.","Запаяний контейнер із матеріалом, підготовленим до аналізу. Що саме всередині, покаже лише прилад.","Запаяний контейнер із матеріалом, підготовленим до аналізу. Що саме всередині, покаже лише прилад.","Запаяний контейнер із матеріалом, підготовленим до аналізу. Що саме всередині, покаже лише прилад.","Запаяний контейнер із матеріалом, підготовленим до аналізу. Що саме всередині, покаже лише прилад.","Запаяний контейнер із матеріалом, підготовленим до аналізу. Що саме всередині, покаже лише прилад.",
"str_zp_data_unknown","Носій даних (не налаштовано)","Носій даних (не налаштовано)","Носій даних (не налаштовано)","Носій даних (не налаштовано)","Носій даних (не налаштовано)","Носій даних (не налаштовано)","Носій даних (не налаштовано)","Носій даних (не налаштовано)","Носій даних (не налаштовано)","Носій даних (не налаштовано)","Носій даних (не налаштовано)","Носій даних (не налаштовано)","Носій даних (не налаштовано)","Носій даних (не налаштовано)",
"str_zp_data_unknown_desc","Заготовка носія даних. Опис з'явиться, коли адміністратор опише її в DataItems.json.","Заготовка носія даних. Опис з'явиться, коли адміністратор опише її в DataItems.json.","Заготовка носія даних. Опис з'явиться, коли адміністратор опише її в DataItems.json.","Заготовка носія даних. Опис з'явиться, коли адміністратор опише її в DataItems.json.","Заготовка носія даних. Опис з'явиться, коли адміністратор опише її в DataItems.json.","Заготовка носія даних. Опис з'явиться, коли адміністратор опише її в DataItems.json.","Заготовка носія даних. Опис з'явиться, коли адміністратор опише її в DataItems.json.","Заготовка носія даних. Опис з'явиться, коли адміністратор опише її в DataItems.json.","Заготовка носія даних. Опис з'явиться, коли адміністратор опише її в DataItems.json.","Заготовка носія даних. Опис з'явиться, коли адміністратор опише її в DataItems.json.","Заготовка носія даних. Опис з'явиться, коли адміністратор опише її в DataItems.json.","Заготовка носія даних. Опис з'явиться, коли адміністратор опише її в DataItems.json.","Заготовка носія даних. Опис з'явиться, коли адміністратор опише її в DataItems.json.","Заготовка носія даних. Опис з'явиться, коли адміністратор опише її в DataItems.json.",
"str_zp_data_01","Біодані 01 (не налаштовано)","Bio data 01 (not configured)","Біодані 01 (не налаштовано)","Біодані 01 (не налаштовано)","Біодані 01 (не налаштовано)","Біодані 01 (не налаштовано)","Біодані 01 (не налаштовано)","Біодані 01 (не налаштовано)","Біодані 01 (не налаштовано)","Біодані 01 (не налаштовано)","Біодані 01 (не налаштовано)","Біодані 01 (не налаштовано)","Біодані 01 (не налаштовано)","Біодані 01 (не налаштовано)",
"str_zp_data_01_desc","Заготовка носія біологічних даних. Назва, опис і бали з'являться, коли адміністратор опише її в DataItems.json.","A blank carrier of biological data. Its name, description and points appear once an administrator defines it in DataItems.json.","Заготовка носія біологічних даних. Назва, опис і бали з'являться, коли адміністратор опише її в DataItems.json.","Заготовка носія біологічних даних. Назва, опис і бали з'являться, коли адміністратор опише її в DataItems.json.","Заготовка носія біологічних даних. Назва, опис і бали з'являться, коли адміністратор опише її в DataItems.json.","Заготовка носія біологічних даних. Назва, опис і бали з'являться, коли адміністратор опише її в DataItems.json.","Заготовка носія біологічних даних. Назва, опис і бали з'являться, коли адміністратор опише її в DataItems.json.","Заготовка носія біологічних даних. Назва, опис і бали з'являться, коли адміністратор опише її в DataItems.json.","Заготовка носія біологічних даних. Назва, опис і бали з'являться, коли адміністратор опише її в DataItems.json.","Заготовка носія біологічних даних. Назва, опис і бали з'являться, коли адміністратор опише її в DataItems.json.","Заготовка носія біологічних даних. Назва, опис і бали з'являться, коли адміністратор опише її в DataItems.json.","Заготовка носія біологічних даних. Назва, опис і бали з'являться, коли адміністратор опише її в DataItems.json.","Заготовка носія біологічних даних. Назва, опис і бали з'являться, коли адміністратор опише її в DataItems.json.","Заготовка носія біологічних даних. Назва, опис і бали з'являться, коли адміністратор опише її в DataItems.json.",
"str_zp_data_02","Біодані 02 (не налаштовано)","Bio data 02 (not configured)","Біодані 02 (не налаштовано)","Біодані 02 (не налаштовано)","Біодані 02 (не налаштовано)","Біодані 02 (не налаштовано)","Біодані 02 (не налаштовано)","Біодані 02 (не налаштовано)","Біодані 02 (не налаштовано)","Біодані 02 (не налаштовано)","Біодані 02 (не налаштовано)","Біодані 02 (не налаштовано)","Біодані 02 (не налаштовано)","Біодані 02 (не налаштовано)",
"str_zp_data_02_desc","Заготовка носія біологічних даних. Назва, опис і бали з'являться, коли адміністратор опише її в DataItems.json.","A blank carrier of biological data. Its name, description and points appear once an administrator defines it in DataItems.json.","Заготовка носія біологічних даних. Назва, опис і бали з'являться, коли адміністратор опише її в DataItems.json.","Заготовка носія біологічних даних. Назва, опис і бали з'являться, коли адміністратор опише її в DataItems.json.","Заготовка носія біологічних даних. Назва, опис і бали з'являться, коли адміністратор опише її в DataItems.json.","Заготовка носія біологічних даних. Назва, опис і бали з'являться, коли адміністратор опише її в DataItems.json.","Заготовка носія біологічних даних. Назва, опис і бали з'являться, коли адміністратор опише її в DataItems.json.","Заготовка носія біологічних даних. Назва, опис і бали з'являться, коли адміністратор опише її в DataItems.json.","Заготовка носія біологічних даних. Назва, опис і бали з'являться, коли адміністратор опише її в DataItems.json.","Заготовка носія біологічних даних. Назва, опис і бали з'являться, коли адміністратор опише її в DataItems.json.","Заготовка носія біологічних даних. Назва, опис і бали з'являться, коли адміністратор опише її в DataItems.json.","Заготовка носія біологічних даних. Назва, опис і бали з'являться, коли адміністратор опише її в DataItems.json.","Заготовка носія біологічних даних. Назва, опис і бали з'являться, коли адміністратор опише її в DataItems.json.","Заготовка носія біологічних даних. Назва, опис і бали з'являться, коли адміністратор опише її в DataItems.json.",
"str_zp_data_03","Біодані 03 (не налаштовано)","Bio data 03 (not configured)","Біодані 03 (не налаштовано)","Біодані 03 (не налаштовано)","Біодані 03 (не налаштовано)","Біодані 03 (не налаштовано)","Біодані 03 (не налаштовано)","Біодані 03 (не налаштовано)","Біодані 03 (не налаштовано)","Біодані 03 (не налаштовано)","Біодані 03 (не налаштовано)","Біодані 03 (не налаштовано)","Біодані 03 (не налаштовано)","Біодані 03 (не налаштовано)",
"str_zp_data_03_desc","Заготовка носія біологічних даних. Назва, опис і бали з'являться, коли адміністратор опише її в DataItems.json.","A blank carrier of biological data. Its name, description and points appear once an administrator defines it in DataItems.json.","Заготовка носія біологічних даних. Назва, опис і бали з'являться, коли адміністратор опише її в DataItems.json.","Заготовка носія біологічних даних. Назва, опис і бали з'являться, коли адміністратор опише її в DataItems.json.","Заготовка носія біологічних даних. Назва, опис і бали з'являться, коли адміністратор опише її в DataItems.json.","Заготовка носія біологічних даних. Назва, опис і бали з'являться, коли адміністратор опише її в DataItems.json.","Заготовка носія біологічних даних. Назва, опис і бали з'являться, коли адміністратор опише її в DataItems.json.","Заготовка носія біологічних даних. Назва, опис і бали з'являться, коли адміністратор опише її в DataItems.json.","Заготовка носія біологічних даних. Назва, опис і бали з'являться, коли адміністратор опише її в DataItems.json.","Заготовка носія біологічних даних. Назва, опис і бали з'являться, коли адміністратор опише її в DataItems.json.","Заготовка носія біологічних даних. Назва, опис і бали з'являться, коли адміністратор опише її в DataItems.json.","Заготовка носія біологічних даних. Назва, опис і бали з'являться, коли адміністратор опише її в DataItems.json.","Заготовка носія біологічних даних. Назва, опис і бали з'являться, коли адміністратор опише її в DataItems.json.","Заготовка носія біологічних даних. Назва, опис і бали з'являться, коли адміністратор опише її в DataItems.json.",
"str_zp_data_04","Біодані 04 (не налаштовано)","Bio data 04 (not configured)","Біодані 04 (не налаштовано)","Біодані 04 (не налаштовано)","Біодані 04 (не налаштовано)","Біодані 04 (не налаштовано)","Біодані 04 (не налаштовано)","Біодані 04 (не налаштовано)","Біодані 04 (не налаштовано)","Біодані 04 (не налаштовано)","Біодані 04 (не налаштовано)","Біодані 04 (не налаштовано)","Біодані 04 (не налаштовано)","Біодані 04 (не налаштовано)",
"str_zp_data_04_desc","Заготовка носія біологічних даних. Назва, опис і бали з'являться, коли адміністратор опише її в DataItems.json.","A blank carrier of biological data. Its name, description and points appear once an administrator defines it in DataItems.json.","Заготовка носія біологічних даних. Назва, опис і бали з'являться, коли адміністратор опише її в DataItems.json.","Заготовка носія біологічних даних. Назва, опис і бали з'являться, коли адміністратор опише її в DataItems.json.","Заготовка носія біологічних даних. Назва, опис і бали з'являться, коли адміністратор опише її в DataItems.json.","Заготовка носія біологічних даних. Назва, опис і бали з'являться, коли адміністратор опише її в DataItems.json.","Заготовка носія біологічних даних. Назва, опис і бали з'являться, коли адміністратор опише її в DataItems.json.","Заготовка носія біологічних даних. Назва, опис і бали з'являться, коли адміністратор опише її в DataItems.json.","Заготовка носія біологічних даних. Назва, опис і бали з'являться, коли адміністратор опише її в DataItems.json.","Заготовка носія біологічних даних. Назва, опис і бали з'являться, коли адміністратор опише її в DataItems.json.","Заготовка носія біологічних даних. Назва, опис і бали з'являться, коли адміністратор опише її в DataItems.json.","Заготовка носія біологічних даних. Назва, опис і бали з'являться, коли адміністратор опише її в DataItems.json.","Заготовка носія біологічних даних. Назва, опис і бали з'являться, коли адміністратор опише її в DataItems.json.","Заготовка носія біологічних даних. Назва, опис і бали з'являться, коли адміністратор опише її в DataItems.json.",
"str_zp_data_05","Біодані 05 (не налаштовано)","Bio data 05 (not configured)","Біодані 05 (не налаштовано)","Біодані 05 (не налаштовано)","Біодані 05 (не налаштовано)","Біодані 05 (не налаштовано)","Біодані 05 (не налаштовано)","Біодані 05 (не налаштовано)","Біодані 05 (не налаштовано)","Біодані 05 (не налаштовано)","Біодані 05 (не налаштовано)","Біодані 05 (не налаштовано)","Біодані 05 (не налаштовано)","Біодані 05 (не налаштовано)",
"str_zp_data_05_desc","Заготовка носія біологічних даних. Назва, опис і бали з'являться, коли адміністратор опише її в DataItems.json.","A blank carrier of biological data. Its name, description and points appear once an administrator defines it in DataItems.json.","Заготовка носія біологічних даних. Назва, опис і бали з'являться, коли адміністратор опише її в DataItems.json.","Заготовка носія біологічних даних. Назва, опис і бали з'являться, коли адміністратор опише її в DataItems.json.","Заготовка носія біологічних даних. Назва, опис і бали з'являться, коли адміністратор опише її в DataItems.json.","Заготовка носія біологічних даних. Назва, опис і бали з'являться, коли адміністратор опише її в DataItems.json.","Заготовка носія біологічних даних. Назва, опис і бали з'являться, коли адміністратор опише її в DataItems.json.","Заготовка носія біологічних даних. Назва, опис і бали з'являться, коли адміністратор опише її в DataItems.json.","Заготовка носія біологічних даних. Назва, опис і бали з'являться, коли адміністратор опише її в DataItems.json.","Заготовка носія біологічних даних. Назва, опис і бали з'являться, коли адміністратор опише її в DataItems.json.","Заготовка носія біологічних даних. Назва, опис і бали з'являться, коли адміністратор опише її в DataItems.json.","Заготовка носія біологічних даних. Назва, опис і бали з'являться, коли адміністратор опише її в DataItems.json.","Заготовка носія біологічних даних. Назва, опис і бали з'являться, коли адміністратор опише її в DataItems.json.","Заготовка носія біологічних даних. Назва, опис і бали з'являться, коли адміністратор опише її в DataItems.json.",
"str_zp_data_06","Біодані 06 (не налаштовано)","Bio data 06 (not configured)","Біодані 06 (не налаштовано)","Біодані 06 (не налаштовано)","Біодані 06 (не налаштовано)","Біодані 06 (не налаштовано)","Біодані 06 (не налаштовано)","Біодані 06 (не налаштовано)","Біодані 06 (не налаштовано)","Біодані 06 (не налаштовано)","Біодані 06 (не налаштовано)","Біодані 06 (не налаштовано)","Біодані 06 (не налаштовано)","Біодані 06 (не налаштовано)",
"str_zp_data_06_desc","Заготовка носія біологічних даних. Назва, опис і бали з'являться, коли адміністратор опише її в DataItems.json.","A blank carrier of biological data. Its name, description and points appear once an administrator defines it in DataItems.json.","Заготовка носія біологічних даних. Назва, опис і бали з'являться, коли адміністратор опише її в DataItems.json.","Заготовка носія біологічних даних. Назва, опис і бали з'являться, коли адміністратор опише її в DataItems.json.","Заготовка носія біологічних даних. Назва, опис і бали з'являться, коли адміністратор опише її в DataItems.json.","Заготовка носія біологічних даних. Назва, опис і бали з'являться, коли адміністратор опише її в DataItems.json.","Заготовка носія біологічних даних. Назва, опис і бали з'являться, коли адміністратор опише її в DataItems.json.","Заготовка носія біологічних даних. Назва, опис і бали з'являться, коли адміністратор опише її в DataItems.json.","Заготовка носія біологічних даних. Назва, опис і бали з'являться, коли адміністратор опише її в DataItems.json.","Заготовка носія біологічних даних. Назва, опис і бали з'являться, коли адміністратор опише її в DataItems.json.","Заготовка носія біологічних даних. Назва, опис і бали з'являться, коли адміністратор опише її в DataItems.json.","Заготовка носія біологічних даних. Назва, опис і бали з'являться, коли адміністратор опише її в DataItems.json.","Заготовка носія біологічних даних. Назва, опис і бали з'являться, коли адміністратор опише її в DataItems.json.","Заготовка носія біологічних даних. Назва, опис і бали з'являться, коли адміністратор опише її в DataItems.json.",
"str_zp_data_07","Біодані 07 (не налаштовано)","Bio data 07 (not configured)","Біодані 07 (не налаштовано)","Біодані 07 (не налаштовано)","Біодані 07 (не налаштовано)","Біодані 07 (не налаштовано)","Біодані 07 (не налаштовано)","Біодані 07 (не налаштовано)","Біодані 07 (не налаштовано)","Біодані 07 (не налаштовано)","Біодані 07 (не налаштовано)","Біодані 07 (не налаштовано)","Біодані 07 (не налаштовано)","Біодані 07 (не налаштовано)",
"str_zp_data_07_desc","Заготовка носія біологічних даних. Назва, опис і бали з'являться, коли адміністратор опише її в DataItems.json.","A blank carrier of biological data. Its name, description and points appear once an administrator defines it in DataItems.json.","Заготовка носія біологічних даних. Назва, опис і бали з'являться, коли адміністратор опише її в DataItems.json.","Заготовка носія біологічних даних. Назва, опис і бали з'являться, коли адміністратор опише її в DataItems.json.","Заготовка носія біологічних даних. Назва, опис і бали з'являться, коли адміністратор опише її в DataItems.json.","Заготовка носія біологічних даних. Назва, опис і бали з'являться, коли адміністратор опише її в DataItems.json.","Заготовка носія біологічних даних. Назва, опис і бали з'являться, коли адміністратор опише її в DataItems.json.","Заготовка носія біологічних даних. Назва, опис і бали з'являться, коли адміністратор опише її в DataItems.json.","Заготовка носія біологічних даних. Назва, опис і бали з'являться, коли адміністратор опише її в DataItems.json.","Заготовка носія біологічних даних. Назва, опис і бали з'являться, коли адміністратор опише її в DataItems.json.","Заготовка носія біологічних даних. Назва, опис і бали з'являться, коли адміністратор опише її в DataItems.json.","Заготовка носія біологічних даних. Назва, опис і бали з'являться, коли адміністратор опише її в DataItems.json.","Заготовка носія біологічних даних. Назва, опис і бали з'являться, коли адміністратор опише її в DataItems.json.","Заготовка носія біологічних даних. Назва, опис і бали з'являться, коли адміністратор опише її в DataItems.json.",
"str_zp_data_08","Біодані 08 (не налаштовано)","Bio data 08 (not configured)","Біодані 08 (не налаштовано)","Біодані 08 (не налаштовано)","Біодані 08 (не налаштовано)","Біодані 08 (не налаштовано)","Біодані 08 (не налаштовано)","Біодані 08 (не налаштовано)","Біодані 08 (не налаштовано)","Біодані 08 (не налаштовано)","Біодані 08 (не налаштовано)","Біодані 08 (не налаштовано)","Біодані 08 (не налаштовано)","Біодані 08 (не налаштовано)",
"str_zp_data_08_desc","Заготовка носія біологічних даних. Назва, опис і бали з'являться, коли адміністратор опише її в DataItems.json.","A blank carrier of biological data. Its name, description and points appear once an administrator defines it in DataItems.json.","Заготовка носія біологічних даних. Назва, опис і бали з'являться, коли адміністратор опише її в DataItems.json.","Заготовка носія біологічних даних. Назва, опис і бали з'являться, коли адміністратор опише її в DataItems.json.","Заготовка носія біологічних даних. Назва, опис і бали з'являться, коли адміністратор опише її в DataItems.json.","Заготовка носія біологічних даних. Назва, опис і бали з'являться, коли адміністратор опише її в DataItems.json.","Заготовка носія біологічних даних. Назва, опис і бали з'являться, коли адміністратор опише її в DataItems.json.","Заготовка носія біологічних даних. Назва, опис і бали з'являться, коли адміністратор опише її в DataItems.json.","Заготовка носія біологічних даних. Назва, опис і бали з'являться, коли адміністратор опише її в DataItems.json.","Заготовка носія біологічних даних. Назва, опис і бали з'являться, коли адміністратор опише її в DataItems.json.","Заготовка носія біологічних даних. Назва, опис і бали з'являться, коли адміністратор опише її в DataItems.json.","Заготовка носія біологічних даних. Назва, опис і бали з'являться, коли адміністратор опише її в DataItems.json.","Заготовка носія біологічних даних. Назва, опис і бали з'являться, коли адміністратор опише її в DataItems.json.","Заготовка носія біологічних даних. Назва, опис і бали з'являться, коли адміністратор опише її в DataItems.json.",
"str_zp_data_09","Біодані 09 (не налаштовано)","Bio data 09 (not configured)","Біодані 09 (не налаштовано)","Біодані 09 (не налаштовано)","Біодані 09 (не налаштовано)","Біодані 09 (не налаштовано)","Біодані 09 (не налаштовано)","Біодані 09 (не налаштовано)","Біодані 09 (не налаштовано)","Біодані 09 (не налаштовано)","Біодані 09 (не налаштовано)","Біодані 09 (не налаштовано)","Біодані 09 (не налаштовано)","Біодані 09 (не налаштовано)",
"str_zp_data_09_desc","Заготовка носія біологічних даних. Назва, опис і бали з'являться, коли адміністратор опише її в DataItems.json.","A blank carrier of biological data. Its name, description and points appear once an administrator defines it in DataItems.json.","Заготовка носія біологічних даних. Назва, опис і бали з'являться, коли адміністратор опише її в DataItems.json.","Заготовка носія біологічних даних. Назва, опис і бали з'являться, коли адміністратор опише її в DataItems.json.","Заготовка носія біологічних даних. Назва, опис і бали з'являться, коли адміністратор опише її в DataItems.json.","Заготовка носія біологічних даних. Назва, опис і бали з'являться, коли адміністратор опише її в DataItems.json.","Заготовка носія біологічних даних. Назва, опис і бали з'являться, коли адміністратор опише її в DataItems.json.","Заготовка носія біологічних даних. Назва, опис і бали з'являться, коли адміністратор опише її в DataItems.json.","Заготовка носія біологічних даних. Назва, опис і бали з'являться, коли адміністратор опише її в DataItems.json.","Заготовка носія біологічних даних. Назва, опис і бали з'являться, коли адміністратор опише її в DataItems.json.","Заготовка носія біологічних даних. Назва, опис і бали з'являться, коли адміністратор опише її в DataItems.json.","Заготовка носія біологічних даних. Назва, опис і бали з'являться, коли адміністратор опише її в DataItems.json.","Заготовка носія біологічних даних. Назва, опис і бали з'являться, коли адміністратор опише її в DataItems.json.","Заготовка носія біологічних даних. Назва, опис і бали з'являться, коли адміністратор опише її в DataItems.json.",
"str_zp_data_10","Біодані 10 (не налаштовано)","Bio data 10 (not configured)","Біодані 10 (не налаштовано)","Біодані 10 (не налаштовано)","Біодані 10 (не налаштовано)","Біодані 10 (не налаштовано)","Біодані 10 (не налаштовано)","Біодані 10 (не налаштовано)","Біодані 10 (не налаштовано)","Біодані 10 (не налаштовано)","Біодані 10 (не налаштовано)","Біодані 10 (не налаштовано)","Біодані 10 (не налаштовано)","Біодані 10 (не налаштовано)",
"str_zp_data_10_desc","Заготовка носія біологічних даних. Назва, опис і бали з'являться, коли адміністратор опише її в DataItems.json.","A blank carrier of biological data. Its name, description and points appear once an administrator defines it in DataItems.json.","Заготовка носія біологічних даних. Назва, опис і бали з'являться, коли адміністратор опише її в DataItems.json.","Заготовка носія біологічних даних. Назва, опис і бали з'являться, коли адміністратор опише її в DataItems.json.","Заготовка носія біологічних даних. Назва, опис і бали з'являться, коли адміністратор опише її в DataItems.json.","Заготовка носія біологічних даних. Назва, опис і бали з'являться, коли адміністратор опише її в DataItems.json.","Заготовка носія біологічних даних. Назва, опис і бали з'являться, коли адміністратор опише її в DataItems.json.","Заготовка носія біологічних даних. Назва, опис і бали з'являться, коли адміністратор опише її в DataItems.json.","Заготовка носія біологічних даних. Назва, опис і бали з'являться, коли адміністратор опише її в DataItems.json.","Заготовка носія біологічних даних. Назва, опис і бали з'являться, коли адміністратор опише її в DataItems.json.","Заготовка носія біологічних даних. Назва, опис і бали з'являться, коли адміністратор опише її в DataItems.json.","Заготовка носія біологічних даних. Назва, опис і бали з'являться, коли адміністратор опише її в DataItems.json.","Заготовка носія біологічних даних. Назва, опис і бали з'являться, коли адміністратор опише її в DataItems.json.","Заготовка носія біологічних даних. Назва, опис і бали з'являться, коли адміністратор опише її в DataItems.json.",
"str_zp_data_11","Біодані 11 (не налаштовано)","Bio data 11 (not configured)","Біодані 11 (не налаштовано)","Біодані 11 (не налаштовано)","Біодані 11 (не налаштовано)","Біодані 11 (не налаштовано)","Біодані 11 (не налаштовано)","Біодані 11 (не налаштовано)","Біодані 11 (не налаштовано)","Біодані 11 (не налаштовано)","Біодані 11 (не налаштовано)","Біодані 11 (не налаштовано)","Біодані 11 (не налаштовано)","Біодані 11 (не налаштовано)",
"str_zp_data_11_desc","Заготовка носія біологічних даних. Назва, опис і бали з'являться, коли адміністратор опише її в DataItems.json.","A blank carrier of biological data. Its name, description and points appear once an administrator defines it in DataItems.json.","Заготовка носія біологічних даних. Назва, опис і бали з'являться, коли адміністратор опише її в DataItems.json.","Заготовка носія біологічних даних. Назва, опис і бали з'являться, коли адміністратор опише її в DataItems.json.","Заготовка носія біологічних даних. Назва, опис і бали з'являться, коли адміністратор опише її в DataItems.json.","Заготовка носія біологічних даних. Назва, опис і бали з'являться, коли адміністратор опише її в DataItems.json.","Заготовка носія біологічних даних. Назва, опис і бали з'являться, коли адміністратор опише її в DataItems.json.","Заготовка носія біологічних даних. Назва, опис і бали з'являться, коли адміністратор опише її в DataItems.json.","Заготовка носія біологічних даних. Назва, опис і бали з'являться, коли адміністратор опише її в DataItems.json.","Заготовка носія біологічних даних. Назва, опис і бали з'являться, коли адміністратор опише її в DataItems.json.","Заготовка носія біологічних даних. Назва, опис і бали з'являться, коли адміністратор опише її в DataItems.json.","Заготовка носія біологічних даних. Назва, опис і бали з'являться, коли адміністратор опише її в DataItems.json.","Заготовка носія біологічних даних. Назва, опис і бали з'являться, коли адміністратор опише її в DataItems.json.","Заготовка носія біологічних даних. Назва, опис і бали з'являться, коли адміністратор опише її в DataItems.json.",
"str_zp_data_12","Біодані 12 (не налаштовано)","Bio data 12 (not configured)","Біодані 12 (не налаштовано)","Біодані 12 (не налаштовано)","Біодані 12 (не налаштовано)","Біодані 12 (не налаштовано)","Біодані 12 (не налаштовано)","Біодані 12 (не налаштовано)","Біодані 12 (не налаштовано)","Біодані 12 (не налаштовано)","Біодані 12 (не налаштовано)","Біодані 12 (не налаштовано)","Біодані 12 (не налаштовано)","Біодані 12 (не налаштовано)",
"str_zp_data_12_desc","Заготовка носія біологічних даних. Назва, опис і бали з'являться, коли адміністратор опише її в DataItems.json.","A blank carrier of biological data. Its name, description and points appear once an administrator defines it in DataItems.json.","Заготовка носія біологічних даних. Назва, опис і бали з'являться, коли адміністратор опише її в DataItems.json.","Заготовка носія біологічних даних. Назва, опис і бали з'являться, коли адміністратор опише її в DataItems.json.","Заготовка носія біологічних даних. Назва, опис і бали з'являться, коли адміністратор опише її в DataItems.json.","Заготовка носія біологічних даних. Назва, опис і бали з'являться, коли адміністратор опише її в DataItems.json.","Заготовка носія біологічних даних. Назва, опис і бали з'являться, коли адміністратор опише її в DataItems.json.","Заготовка носія біологічних даних. Назва, опис і бали з'являться, коли адміністратор опише її в DataItems.json.","Заготовка носія біологічних даних. Назва, опис і бали з'являться, коли адміністратор опише її в DataItems.json.","Заготовка носія біологічних даних. Назва, опис і бали з'являться, коли адміністратор опише її в DataItems.json.","Заготовка носія біологічних даних. Назва, опис і бали з'являться, коли адміністратор опише її в DataItems.json.","Заготовка носія біологічних даних. Назва, опис і бали з'являться, коли адміністратор опише її в DataItems.json.","Заготовка носія біологічних даних. Назва, опис і бали з'являться, коли адміністратор опише її в DataItems.json.","Заготовка носія біологічних даних. Назва, опис і бали з'являться, коли адміністратор опише її в DataItems.json.",
"str_zp_data_13","Біодані 13 (не налаштовано)","Bio data 13 (not configured)","Біодані 13 (не налаштовано)","Біодані 13 (не налаштовано)","Біодані 13 (не налаштовано)","Біодані 13 (не налаштовано)","Біодані 13 (не налаштовано)","Біодані 13 (не налаштовано)","Біодані 13 (не налаштовано)","Біодані 13 (не налаштовано)","Біодані 13 (не налаштовано)","Біодані 13 (не налаштовано)","Біодані 13 (не налаштовано)","Біодані 13 (не налаштовано)",
"str_zp_data_13_desc","Заготовка носія біологічних даних. Назва, опис і бали з'являться, коли адміністратор опише її в DataItems.json.","A blank carrier of biological data. Its name, description and points appear once an administrator defines it in DataItems.json.","Заготовка носія біологічних даних. Назва, опис і бали з'являться, коли адміністратор опише її в DataItems.json.","Заготовка носія біологічних даних. Назва, опис і бали з'являться, коли адміністратор опише її в DataItems.json.","Заготовка носія біологічних даних. Назва, опис і бали з'являться, коли адміністратор опише її в DataItems.json.","Заготовка носія біологічних даних. Назва, опис і бали з'являться, коли адміністратор опише її в DataItems.json.","Заготовка носія біологічних даних. Назва, опис і бали з'являться, коли адміністратор опише її в DataItems.json.","Заготовка носія біологічних даних. Назва, опис і бали з'являться, коли адміністратор опише її в DataItems.json.","Заготовка носія біологічних даних. Назва, опис і бали з'являться, коли адміністратор опише її в DataItems.json.","Заготовка носія біологічних даних. Назва, опис і бали з'являться, коли адміністратор опише її в DataItems.json.","Заготовка носія біологічних даних. Назва, опис і бали з'являться, коли адміністратор опише її в DataItems.json.","Заготовка носія біологічних даних. Назва, опис і бали з'являться, коли адміністратор опише її в DataItems.json.","Заготовка носія біологічних даних. Назва, опис і бали з'являться, коли адміністратор опише її в DataItems.json.","Заготовка носія біологічних даних. Назва, опис і бали з'являться, коли адміністратор опише її в DataItems.json.",
"str_zp_data_14","Біодані 14 (не налаштовано)","Bio data 14 (not configured)","Біодані 14 (не налаштовано)","Біодані 14 (не налаштовано)","Біодані 14 (не налаштовано)","Біодані 14 (не налаштовано)","Біодані 14 (не налаштовано)","Біодані 14 (не налаштовано)","Біодані 14 (не налаштовано)","Біодані 14 (не налаштовано)","Біодані 14 (не налаштовано)","Біодані 14 (не налаштовано)","Біодані 14 (не налаштовано)","Біодані 14 (не налаштовано)",
"str_zp_data_14_desc","Заготовка носія біологічних даних. Назва, опис і бали з'являться, коли адміністратор опише її в DataItems.json.","A blank carrier of biological data. Its name, description and points appear once an administrator defines it in DataItems.json.","Заготовка носія біологічних даних. Назва, опис і бали з'являться, коли адміністратор опише її в DataItems.json.","Заготовка носія біологічних даних. Назва, опис і бали з'являться, коли адміністратор опише її в DataItems.json.","Заготовка носія біологічних даних. Назва, опис і бали з'являться, коли адміністратор опише її в DataItems.json.","Заготовка носія біологічних даних. Назва, опис і бали з'являться, коли адміністратор опише її в DataItems.json.","Заготовка носія біологічних даних. Назва, опис і бали з'являться, коли адміністратор опише її в DataItems.json.","Заготовка носія біологічних даних. Назва, опис і бали з'являться, коли адміністратор опише її в DataItems.json.","Заготовка носія біологічних даних. Назва, опис і бали з'являться, коли адміністратор опише її в DataItems.json.","Заготовка носія біологічних даних. Назва, опис і бали з'являться, коли адміністратор опише її в DataItems.json.","Заготовка носія біологічних даних. Назва, опис і бали з'являться, коли адміністратор опише її в DataItems.json.","Заготовка носія біологічних даних. Назва, опис і бали з'являться, коли адміністратор опише її в DataItems.json.","Заготовка носія біологічних даних. Назва, опис і бали з'являться, коли адміністратор опише її в DataItems.json.","Заготовка носія біологічних даних. Назва, опис і бали з'являться, коли адміністратор опише її в DataItems.json.",
"str_zp_data_15","Біодані 15 (не налаштовано)","Bio data 15 (not configured)","Біодані 15 (не налаштовано)","Біодані 15 (не налаштовано)","Біодані 15 (не налаштовано)","Біодані 15 (не налаштовано)","Біодані 15 (не налаштовано)","Біодані 15 (не налаштовано)","Біодані 15 (не налаштовано)","Біодані 15 (не налаштовано)","Біодані 15 (не налаштовано)","Біодані 15 (не налаштовано)","Біодані 15 (не налаштовано)","Біодані 15 (не налаштовано)",
"str_zp_data_15_desc","Заготовка носія біологічних даних. Назва, опис і бали з'являться, коли адміністратор опише її в DataItems.json.","A blank carrier of biological data. Its name, description and points appear once an administrator defines it in DataItems.json.","Заготовка носія біологічних даних. Назва, опис і бали з'являться, коли адміністратор опише її в DataItems.json.","Заготовка носія біологічних даних. Назва, опис і бали з'являться, коли адміністратор опише її в DataItems.json.","Заготовка носія біологічних даних. Назва, опис і бали з'являться, коли адміністратор опише її в DataItems.json.","Заготовка носія біологічних даних. Назва, опис і бали з'являться, коли адміністратор опише її в DataItems.json.","Заготовка носія біологічних даних. Назва, опис і бали з'являться, коли адміністратор опише її в DataItems.json.","Заготовка носія біологічних даних. Назва, опис і бали з'являться, коли адміністратор опише її в DataItems.json.","Заготовка носія біологічних даних. Назва, опис і бали з'являться, коли адміністратор опише її в DataItems.json.","Заготовка носія біологічних даних. Назва, опис і бали з'являться, коли адміністратор опише її в DataItems.json.","Заготовка носія біологічних даних. Назва, опис і бали з'являться, коли адміністратор опише її в DataItems.json.","Заготовка носія біологічних даних. Назва, опис і бали з'являться, коли адміністратор опише її в DataItems.json.","Заготовка носія біологічних даних. Назва, опис і бали з'являться, коли адміністратор опише її в DataItems.json.","Заготовка носія біологічних даних. Назва, опис і бали з'являться, коли адміністратор опише її в DataItems.json.",
"str_zp_data_16","Біодані 16 (не налаштовано)","Bio data 16 (not configured)","Біодані 16 (не налаштовано)","Біодані 16 (не налаштовано)","Біодані 16 (не налаштовано)","Біодані 16 (не налаштовано)","Біодані 16 (не налаштовано)","Біодані 16 (не налаштовано)","Біодані 16 (не налаштовано)","Біодані 16 (не налаштовано)","Біодані 16 (не налаштовано)","Біодані 16 (не налаштовано)","Біодані 16 (не налаштовано)","Біодані 16 (не налаштовано)",
"str_zp_data_16_desc","Заготовка носія біологічних даних. Назва, опис і бали з'являться, коли адміністратор опише її в DataItems.json.","A blank carrier of biological data. Its name, description and points appear once an administrator defines it in DataItems.json.","Заготовка носія біологічних даних. Назва, опис і бали з'являться, коли адміністратор опише її в DataItems.json.","Заготовка носія біологічних даних. Назва, опис і бали з'являться, коли адміністратор опише її в DataItems.json.","Заготовка носія біологічних даних. Назва, опис і бали з'являться, коли адміністратор опише її в DataItems.json.","Заготовка носія біологічних даних. Назва, опис і бали з'являться, коли адміністратор опише її в DataItems.json.","Заготовка носія біологічних даних. Назва, опис і бали з'являться, коли адміністратор опише її в DataItems.json.","Заготовка носія біологічних даних. Назва, опис і бали з'являться, коли адміністратор опише її в DataItems.json.","Заготовка носія біологічних даних. Назва, опис і бали з'являться, коли адміністратор опише її в DataItems.json.","Заготовка носія біологічних даних. Назва, опис і бали з'являться, коли адміністратор опише її в DataItems.json.","Заготовка носія біологічних даних. Назва, опис і бали з'являться, коли адміністратор опише її в DataItems.json.","Заготовка носія біологічних даних. Назва, опис і бали з'являться, коли адміністратор опише її в DataItems.json.","Заготовка носія біологічних даних. Назва, опис і бали з'являться, коли адміністратор опише її в DataItems.json.","Заготовка носія біологічних даних. Назва, опис і бали з'являться, коли адміністратор опише її в DataItems.json.",
"str_zp_data_17","Біодані 17 (не налаштовано)","Bio data 17 (not configured)","Біодані 17 (не налаштовано)","Біодані 17 (не налаштовано)","Біодані 17 (не налаштовано)","Біодані 17 (не налаштовано)","Біодані 17 (не налаштовано)","Біодані 17 (не налаштовано)","Біодані 17 (не налаштовано)","Біодані 17 (не налаштовано)","Біодані 17 (не налаштовано)","Біодані 17 (не налаштовано)","Біодані 17 (не налаштовано)","Біодані 17 (не налаштовано)",
"str_zp_data_17_desc","Заготовка носія біологічних даних. Назва, опис і бали з'являться, коли адміністратор опише її в DataItems.json.","A blank carrier of biological data. Its name, description and points appear once an administrator defines it in DataItems.json.","Заготовка носія біологічних даних. Назва, опис і бали з'являться, коли адміністратор опише її в DataItems.json.","Заготовка носія біологічних даних. Назва, опис і бали з'являться, коли адміністратор опише її в DataItems.json.","Заготовка носія біологічних даних. Назва, опис і бали з'являться, коли адміністратор опише її в DataItems.json.","Заготовка носія біологічних даних. Назва, опис і бали з'являться, коли адміністратор опише її в DataItems.json.","Заготовка носія біологічних даних. Назва, опис і бали з'являться, коли адміністратор опише її в DataItems.json.","Заготовка носія біологічних даних. Назва, опис і бали з'являться, коли адміністратор опише її в DataItems.json.","Заготовка носія біологічних даних. Назва, опис і бали з'являться, коли адміністратор опише її в DataItems.json.","Заготовка носія біологічних даних. Назва, опис і бали з'являться, коли адміністратор опише її в DataItems.json.","Заготовка носія біологічних даних. Назва, опис і бали з'являться, коли адміністратор опише її в DataItems.json.","Заготовка носія біологічних даних. Назва, опис і бали з'являться, коли адміністратор опише її в DataItems.json.","Заготовка носія біологічних даних. Назва, опис і бали з'являться, коли адміністратор опише її в DataItems.json.","Заготовка носія біологічних даних. Назва, опис і бали з'являться, коли адміністратор опише її в DataItems.json.",
"str_zp_data_18","Біодані 18 (не налаштовано)","Bio data 18 (not configured)","Біодані 18 (не налаштовано)","Біодані 18 (не налаштовано)","Біодані 18 (не налаштовано)","Біодані 18 (не налаштовано)","Біодані 18 (не налаштовано)","Біодані 18 (не налаштовано)","Біодані 18 (не налаштовано)","Біодані 18 (не налаштовано)","Біодані 18 (не налаштовано)","Біодані 18 (не налаштовано)","Біодані 18 (не налаштовано)","Біодані 18 (не налаштовано)",
"str_zp_data_18_desc","Заготовка носія біологічних даних. Назва, опис і бали з'являться, коли адміністратор опише її в DataItems.json.","A blank carrier of biological data. Its name, description and points appear once an administrator defines it in DataItems.json.","Заготовка носія біологічних даних. Назва, опис і бали з'являться, коли адміністратор опише її в DataItems.json.","Заготовка носія біологічних даних. Назва, опис і бали з'являться, коли адміністратор опише її в DataItems.json.","Заготовка носія біологічних даних. Назва, опис і бали з'являться, коли адміністратор опише її в DataItems.json.","Заготовка носія біологічних даних. Назва, опис і бали з'являться, коли адміністратор опише її в DataItems.json.","Заготовка носія біологічних даних. Назва, опис і бали з'являться, коли адміністратор опише її в DataItems.json.","Заготовка носія біологічних даних. Назва, опис і бали з'являться, коли адміністратор опише її в DataItems.json.","Заготовка носія біологічних даних. Назва, опис і бали з'являться, коли адміністратор опише її в DataItems.json.","Заготовка носія біологічних даних. Назва, опис і бали з'являться, коли адміністратор опише її в DataItems.json.","Заготовка носія біологічних даних. Назва, опис і бали з'являться, коли адміністратор опише її в DataItems.json.","Заготовка носія біологічних даних. Назва, опис і бали з'являться, коли адміністратор опише її в DataItems.json.","Заготовка носія біологічних даних. Назва, опис і бали з'являться, коли адміністратор опише її в DataItems.json.","Заготовка носія біологічних даних. Назва, опис і бали з'являться, коли адміністратор опише її в DataItems.json.",
"str_zp_data_19","Біодані 19 (не налаштовано)","Bio data 19 (not configured)","Біодані 19 (не налаштовано)","Біодані 19 (не налаштовано)","Біодані 19 (не налаштовано)","Біодані 19 (не налаштовано)","Біодані 19 (не налаштовано)","Біодані 19 (не налаштовано)","Біодані 19 (не налаштовано)","Біодані 19 (не налаштовано)","Біодані 19 (не налаштовано)","Біодані 19 (не налаштовано)","Біодані 19 (не налаштовано)","Біодані 19 (не налаштовано)",
"str_zp_data_19_desc","Заготовка носія біологічних даних. Назва, опис і бали з'являться, коли адміністратор опише її в DataItems.json.","A blank carrier of biological data. Its name, description and points appear once an administrator defines it in DataItems.json.","Заготовка носія біологічних даних. Назва, опис і бали з'являться, коли адміністратор опише її в DataItems.json.","Заготовка носія біологічних даних. Назва, опис і бали з'являться, коли адміністратор опише її в DataItems.json.","Заготовка носія біологічних даних. Назва, опис і бали з'являться, коли адміністратор опише її в DataItems.json.","Заготовка носія біологічних даних. Назва, опис і бали з'являться, коли адміністратор опише її в DataItems.json.","Заготовка носія біологічних даних. Назва, опис і бали з'являться, коли адміністратор опише її в DataItems.json.","Заготовка носія біологічних даних. Назва, опис і бали з'являться, коли адміністратор опише її в DataItems.json.","Заготовка носія біологічних даних. Назва, опис і бали з'являться, коли адміністратор опише її в DataItems.json.","Заготовка носія біологічних даних. Назва, опис і бали з'являться, коли адміністратор опише її в DataItems.json.","Заготовка носія біологічних даних. Назва, опис і бали з'являться, коли адміністратор опише її в DataItems.json.","Заготовка носія біологічних даних. Назва, опис і бали з'являться, коли адміністратор опише її в DataItems.json.","Заготовка носія біологічних даних. Назва, опис і бали з'являться, коли адміністратор опише її в DataItems.json.","Заготовка носія біологічних даних. Назва, опис і бали з'являться, коли адміністратор опише її в DataItems.json.",
"str_zp_data_20","Біодані 20 (не налаштовано)","Bio data 20 (not configured)","Біодані 20 (не налаштовано)","Біодані 20 (не налаштовано)","Біодані 20 (не налаштовано)","Біодані 20 (не налаштовано)","Біодані 20 (не налаштовано)","Біодані 20 (не налаштовано)","Біодані 20 (не налаштовано)","Біодані 20 (не налаштовано)","Біодані 20 (не налаштовано)","Біодані 20 (не налаштовано)","Біодані 20 (не налаштовано)","Біодані 20 (не налаштовано)",
"str_zp_data_20_desc","Заготовка носія біологічних даних. Назва, опис і бали з'являться, коли адміністратор опише її в DataItems.json.","A blank carrier of biological data. Its name, description and points appear once an administrator defines it in DataItems.json.","Заготовка носія біологічних даних. Назва, опис і бали з'являться, коли адміністратор опише її в DataItems.json.","Заготовка носія біологічних даних. Назва, опис і бали з'являться, коли адміністратор опише її в DataItems.json.","Заготовка носія біологічних даних. Назва, опис і бали з'являться, коли адміністратор опише її в DataItems.json.","Заготовка носія біологічних даних. Назва, опис і бали з'являться, коли адміністратор опише її в DataItems.json.","Заготовка носія біологічних даних. Назва, опис і бали з'являться, коли адміністратор опише її в DataItems.json.","Заготовка носія біологічних даних. Назва, опис і бали з'являться, коли адміністратор опише її в DataItems.json.","Заготовка носія біологічних даних. Назва, опис і бали з'являться, коли адміністратор опише її в DataItems.json.","Заготовка носія біологічних даних. Назва, опис і бали з'являться, коли адміністратор опише її в DataItems.json.","Заготовка носія біологічних даних. Назва, опис і бали з'являться, коли адміністратор опише її в DataItems.json.","Заготовка носія біологічних даних. Назва, опис і бали з'являться, коли адміністратор опише її в DataItems.json.","Заготовка носія біологічних даних. Назва, опис і бали з'являться, коли адміністратор опише її в DataItems.json.","Заготовка носія біологічних даних. Назва, опис і бали з'являться, коли адміністратор опише її в DataItems.json.",
"str_zp_data_21","Біодані 21 (не налаштовано)","Bio data 21 (not configured)","Біодані 21 (не налаштовано)","Біодані 21 (не налаштовано)","Біодані 21 (не налаштовано)","Біодані 21 (не налаштовано)","Біодані 21 (не налаштовано)","Біодані 21 (не налаштовано)","Біодані 21 (не налаштовано)","Біодані 21 (не налаштовано)","Біодані 21 (не налаштовано)","Біодані 21 (не налаштовано)","Біодані 21 (не налаштовано)","Біодані 21 (не налаштовано)",
"str_zp_data_21_desc","Заготовка носія біологічних даних. Назва, опис і бали з'являться, коли адміністратор опише її в DataItems.json.","A blank carrier of biological data. Its name, description and points appear once an administrator defines it in DataItems.json.","Заготовка носія біологічних даних. Назва, опис і бали з'являться, коли адміністратор опише її в DataItems.json.","Заготовка носія біологічних даних. Назва, опис і бали з'являться, коли адміністратор опише її в DataItems.json.","Заготовка носія біологічних даних. Назва, опис і бали з'являться, коли адміністратор опише її в DataItems.json.","Заготовка носія біологічних даних. Назва, опис і бали з'являться, коли адміністратор опише її в DataItems.json.","Заготовка носія біологічних даних. Назва, опис і бали з'являться, коли адміністратор опише її в DataItems.json.","Заготовка носія біологічних даних. Назва, опис і бали з'являться, коли адміністратор опише її в DataItems.json.","Заготовка носія біологічних даних. Назва, опис і бали з'являться, коли адміністратор опише її в DataItems.json.","Заготовка носія біологічних даних. Назва, опис і бали з'являться, коли адміністратор опише її в DataItems.json.","Заготовка носія біологічних даних. Назва, опис і бали з'являться, коли адміністратор опише її в DataItems.json.","Заготовка носія біологічних даних. Назва, опис і бали з'являться, коли адміністратор опише її в DataItems.json.","Заготовка носія біологічних даних. Назва, опис і бали з'являться, коли адміністратор опише її в DataItems.json.","Заготовка носія біологічних даних. Назва, опис і бали з'являться, коли адміністратор опише її в DataItems.json.",
"str_zp_data_22","Біодані 22 (не налаштовано)","Bio data 22 (not configured)","Біодані 22 (не налаштовано)","Біодані 22 (не налаштовано)","Біодані 22 (не налаштовано)","Біодані 22 (не налаштовано)","Біодані 22 (не налаштовано)","Біодані 22 (не налаштовано)","Біодані 22 (не налаштовано)","Біодані 22 (не налаштовано)","Біодані 22 (не налаштовано)","Біодані 22 (не налаштовано)","Біодані 22 (не налаштовано)","Біодані 22 (не налаштовано)",
"str_zp_data_22_desc","Заготовка носія біологічних даних. Назва, опис і бали з'являться, коли адміністратор опише її в DataItems.json.","A blank carrier of biological data. Its name, description and points appear once an administrator defines it in DataItems.json.","Заготовка носія біологічних даних. Назва, опис і бали з'являться, коли адміністратор опише її в DataItems.json.","Заготовка носія біологічних даних. Назва, опис і бали з'являться, коли адміністратор опише її в DataItems.json.","Заготовка носія біологічних даних. Назва, опис і бали з'являться, коли адміністратор опише її в DataItems.json.","Заготовка носія біологічних даних. Назва, опис і бали з'являться, коли адміністратор опише її в DataItems.json.","Заготовка носія біологічних даних. Назва, опис і бали з'являться, коли адміністратор опише її в DataItems.json.","Заготовка носія біологічних даних. Назва, опис і бали з'являться, коли адміністратор опише її в DataItems.json.","Заготовка носія біологічних даних. Назва, опис і бали з'являться, коли адміністратор опише її в DataItems.json.","Заготовка носія біологічних даних. Назва, опис і бали з'являться, коли адміністратор опише її в DataItems.json.","Заготовка носія біологічних даних. Назва, опис і бали з'являться, коли адміністратор опише її в DataItems.json.","Заготовка носія біологічних даних. Назва, опис і бали з'являться, коли адміністратор опише її в DataItems.json.","Заготовка носія біологічних даних. Назва, опис і бали з'являться, коли адміністратор опише її в DataItems.json.","Заготовка носія біологічних даних. Назва, опис і бали з'являться, коли адміністратор опише її в DataItems.json.",
"str_zp_data_23","Біодані 23 (не налаштовано)","Bio data 23 (not configured)","Біодані 23 (не налаштовано)","Біодані 23 (не налаштовано)","Біодані 23 (не налаштовано)","Біодані 23 (не налаштовано)","Біодані 23 (не налаштовано)","Біодані 23 (не налаштовано)","Біодані 23 (не налаштовано)","Біодані 23 (не налаштовано)","Біодані 23 (не налаштовано)","Біодані 23 (не налаштовано)","Біодані 23 (не налаштовано)","Біодані 23 (не налаштовано)",
"str_zp_data_23_desc","Заготовка носія біологічних даних. Назва, опис і бали з'являться, коли адміністратор опише її в DataItems.json.","A blank carrier of biological data. Its name, description and points appear once an administrator defines it in DataItems.json.","Заготовка носія біологічних даних. Назва, опис і бали з'являться, коли адміністратор опише її в DataItems.json.","Заготовка носія біологічних даних. Назва, опис і бали з'являться, коли адміністратор опише її в DataItems.json.","Заготовка носія біологічних даних. Назва, опис і бали з'являться, коли адміністратор опише її в DataItems.json.","Заготовка носія біологічних даних. Назва, опис і бали з'являться, коли адміністратор опише її в DataItems.json.","Заготовка носія біологічних даних. Назва, опис і бали з'являться, коли адміністратор опише її в DataItems.json.","Заготовка носія біологічних даних. Назва, опис і бали з'являться, коли адміністратор опише її в DataItems.json.","Заготовка носія біологічних даних. Назва, опис і бали з'являться, коли адміністратор опише її в DataItems.json.","Заготовка носія біологічних даних. Назва, опис і бали з'являться, коли адміністратор опише її в DataItems.json.","Заготовка носія біологічних даних. Назва, опис і бали з'являться, коли адміністратор опише її в DataItems.json.","Заготовка носія біологічних даних. Назва, опис і бали з'являться, коли адміністратор опише її в DataItems.json.","Заготовка носія біологічних даних. Назва, опис і бали з'являться, коли адміністратор опише її в DataItems.json.","Заготовка носія біологічних даних. Назва, опис і бали з'являться, коли адміністратор опише її в DataItems.json.",
"str_zp_data_24","Біодані 24 (не налаштовано)","Bio data 24 (not configured)","Біодані 24 (не налаштовано)","Біодані 24 (не налаштовано)","Біодані 24 (не налаштовано)","Біодані 24 (не налаштовано)","Біодані 24 (не налаштовано)","Біодані 24 (не налаштовано)","Біодані 24 (не налаштовано)","Біодані 24 (не налаштовано)","Біодані 24 (не налаштовано)","Біодані 24 (не налаштовано)","Біодані 24 (не налаштовано)","Біодані 24 (не налаштовано)",
"str_zp_data_24_desc","Заготовка носія біологічних даних. Назва, опис і бали з'являться, коли адміністратор опише її в DataItems.json.","A blank carrier of biological data. Its name, description and points appear once an administrator defines it in DataItems.json.","Заготовка носія біологічних даних. Назва, опис і бали з'являться, коли адміністратор опише її в DataItems.json.","Заготовка носія біологічних даних. Назва, опис і бали з'являться, коли адміністратор опише її в DataItems.json.","Заготовка носія біологічних даних. Назва, опис і бали з'являться, коли адміністратор опише її в DataItems.json.","Заготовка носія біологічних даних. Назва, опис і бали з'являться, коли адміністратор опише її в DataItems.json.","Заготовка носія біологічних даних. Назва, опис і бали з'являться, коли адміністратор опише її в DataItems.json.","Заготовка носія біологічних даних. Назва, опис і бали з'являться, коли адміністратор опише її в DataItems.json.","Заготовка носія біологічних даних. Назва, опис і бали з'являться, коли адміністратор опише її в DataItems.json.","Заготовка носія біологічних даних. Назва, опис і бали з'являться, коли адміністратор опише її в DataItems.json.","Заготовка носія біологічних даних. Назва, опис і бали з'являться, коли адміністратор опише її в DataItems.json.","Заготовка носія біологічних даних. Назва, опис і бали з'являться, коли адміністратор опише її в DataItems.json.","Заготовка носія біологічних даних. Назва, опис і бали з'являться, коли адміністратор опише її в DataItems.json.","Заготовка носія біологічних даних. Назва, опис і бали з'являться, коли адміністратор опише її в DataItems.json.",
"str_zp_data_25","Біодані 25 (не налаштовано)","Bio data 25 (not configured)","Біодані 25 (не налаштовано)","Біодані 25 (не налаштовано)","Біодані 25 (не налаштовано)","Біодані 25 (не налаштовано)","Біодані 25 (не налаштовано)","Біодані 25 (не налаштовано)","Біодані 25 (не налаштовано)","Біодані 25 (не налаштовано)","Біодані 25 (не налаштовано)","Біодані 25 (не налаштовано)","Біодані 25 (не налаштовано)","Біодані 25 (не налаштовано)",
"str_zp_data_25_desc","Заготовка носія біологічних даних. Назва, опис і бали з'являться, коли адміністратор опише її в DataItems.json.","A blank carrier of biological data. Its name, description and points appear once an administrator defines it in DataItems.json.","Заготовка носія біологічних даних. Назва, опис і бали з'являться, коли адміністратор опише її в DataItems.json.","Заготовка носія біологічних даних. Назва, опис і бали з'являться, коли адміністратор опише її в DataItems.json.","Заготовка носія біологічних даних. Назва, опис і бали з'являться, коли адміністратор опише її в DataItems.json.","Заготовка носія біологічних даних. Назва, опис і бали з'являться, коли адміністратор опише її в DataItems.json.","Заготовка носія біологічних даних. Назва, опис і бали з'являться, коли адміністратор опише її в DataItems.json.","Заготовка носія біологічних даних. Назва, опис і бали з'являться, коли адміністратор опише її в DataItems.json.","Заготовка носія біологічних даних. Назва, опис і бали з'являться, коли адміністратор опише її в DataItems.json.","Заготовка носія біологічних даних. Назва, опис і бали з'являться, коли адміністратор опише її в DataItems.json.","Заготовка носія біологічних даних. Назва, опис і бали з'являться, коли адміністратор опише її в DataItems.json.","Заготовка носія біологічних даних. Назва, опис і бали з'являться, коли адміністратор опише її в DataItems.json.","Заготовка носія біологічних даних. Назва, опис і бали з'являться, коли адміністратор опише її в DataItems.json.","Заготовка носія біологічних даних. Назва, опис і бали з'являться, коли адміністратор опише її в DataItems.json.",
"str_zp_data_26","Біодані 26 (не налаштовано)","Bio data 26 (not configured)","Біодані 26 (не налаштовано)","Біодані 26 (не налаштовано)","Біодані 26 (не налаштовано)","Біодані 26 (не налаштовано)","Біодані 26 (не налаштовано)","Біодані 26 (не налаштовано)","Біодані 26 (не налаштовано)","Біодані 26 (не налаштовано)","Біодані 26 (не налаштовано)","Біодані 26 (не налаштовано)","Біодані 26 (не налаштовано)","Біодані 26 (не налаштовано)",
"str_zp_data_26_desc","Заготовка носія біологічних даних. Назва, опис і бали з'являться, коли адміністратор опише її в DataItems.json.","A blank carrier of biological data. Its name, description and points appear once an administrator defines it in DataItems.json.","Заготовка носія біологічних даних. Назва, опис і бали з'являться, коли адміністратор опише її в DataItems.json.","Заготовка носія біологічних даних. Назва, опис і бали з'являться, коли адміністратор опише її в DataItems.json.","Заготовка носія біологічних даних. Назва, опис і бали з'являться, коли адміністратор опише її в DataItems.json.","Заготовка носія біологічних даних. Назва, опис і бали з'являться, коли адміністратор опише її в DataItems.json.","Заготовка носія біологічних даних. Назва, опис і бали з'являться, коли адміністратор опише її в DataItems.json.","Заготовка носія біологічних даних. Назва, опис і бали з'являться, коли адміністратор опише її в DataItems.json.","Заготовка носія біологічних даних. Назва, опис і бали з'являться, коли адміністратор опише її в DataItems.json.","Заготовка носія біологічних даних. Назва, опис і бали з'являться, коли адміністратор опише її в DataItems.json.","Заготовка носія біологічних даних. Назва, опис і бали з'являться, коли адміністратор опише її в DataItems.json.","Заготовка носія біологічних даних. Назва, опис і бали з'являться, коли адміністратор опише її в DataItems.json.","Заготовка носія біологічних даних. Назва, опис і бали з'являться, коли адміністратор опише її в DataItems.json.","Заготовка носія біологічних даних. Назва, опис і бали з'являться, коли адміністратор опише її в DataItems.json.",
"str_zp_data_27","Біодані 27 (не налаштовано)","Bio data 27 (not configured)","Біодані 27 (не налаштовано)","Біодані 27 (не налаштовано)","Біодані 27 (не налаштовано)","Біодані 27 (не налаштовано)","Біодані 27 (не налаштовано)","Біодані 27 (не налаштовано)","Біодані 27 (не налаштовано)","Біодані 27 (не налаштовано)","Біодані 27 (не налаштовано)","Біодані 27 (не налаштовано)","Біодані 27 (не налаштовано)","Біодані 27 (не налаштовано)",
"str_zp_data_27_desc","Заготовка носія біологічних даних. Назва, опис і бали з'являться, коли адміністратор опише її в DataItems.json.","A blank carrier of biological data. Its name, description and points appear once an administrator defines it in DataItems.json.","Заготовка носія біологічних даних. Назва, опис і бали з'являться, коли адміністратор опише її в DataItems.json.","Заготовка носія біологічних даних. Назва, опис і бали з'являться, коли адміністратор опише її в DataItems.json.","Заготовка носія біологічних даних. Назва, опис і бали з'являться, коли адміністратор опише її в DataItems.json.","Заготовка носія біологічних даних. Назва, опис і бали з'являться, коли адміністратор опише її в DataItems.json.","Заготовка носія біологічних даних. Назва, опис і бали з'являться, коли адміністратор опише її в DataItems.json.","Заготовка носія біологічних даних. Назва, опис і бали з'являться, коли адміністратор опише її в DataItems.json.","Заготовка носія біологічних даних. Назва, опис і бали з'являться, коли адміністратор опише її в DataItems.json.","Заготовка носія біологічних даних. Назва, опис і бали з'являться, коли адміністратор опише її в DataItems.json.","Заготовка носія біологічних даних. Назва, опис і бали з'являться, коли адміністратор опише її в DataItems.json.","Заготовка носія біологічних даних. Назва, опис і бали з'являться, коли адміністратор опише її в DataItems.json.","Заготовка носія біологічних даних. Назва, опис і бали з'являться, коли адміністратор опише її в DataItems.json.","Заготовка носія біологічних даних. Назва, опис і бали з'являться, коли адміністратор опише її в DataItems.json.",
"str_zp_data_28","Біодані 28 (не налаштовано)","Bio data 28 (not configured)","Біодані 28 (не налаштовано)","Біодані 28 (не налаштовано)","Біодані 28 (не налаштовано)","Біодані 28 (не налаштовано)","Біодані 28 (не налаштовано)","Біодані 28 (не налаштовано)","Біодані 28 (не налаштовано)","Біодані 28 (не налаштовано)","Біодані 28 (не налаштовано)","Біодані 28 (не налаштовано)","Біодані 28 (не налаштовано)","Біодані 28 (не налаштовано)",
"str_zp_data_28_desc","Заготовка носія біологічних даних. Назва, опис і бали з'являться, коли адміністратор опише її в DataItems.json.","A blank carrier of biological data. Its name, description and points appear once an administrator defines it in DataItems.json.","Заготовка носія біологічних даних. Назва, опис і бали з'являться, коли адміністратор опише її в DataItems.json.","Заготовка носія біологічних даних. Назва, опис і бали з'являться, коли адміністратор опише її в DataItems.json.","Заготовка носія біологічних даних. Назва, опис і бали з'являться, коли адміністратор опише її в DataItems.json.","Заготовка носія біологічних даних. Назва, опис і бали з'являться, коли адміністратор опише її в DataItems.json.","Заготовка носія біологічних даних. Назва, опис і бали з'являться, коли адміністратор опише її в DataItems.json.","Заготовка носія біологічних даних. Назва, опис і бали з'являться, коли адміністратор опише її в DataItems.json.","Заготовка носія біологічних даних. Назва, опис і бали з'являться, коли адміністратор опише її в DataItems.json.","Заготовка носія біологічних даних. Назва, опис і бали з'являться, коли адміністратор опише її в DataItems.json.","Заготовка носія біологічних даних. Назва, опис і бали з'являться, коли адміністратор опише її в DataItems.json.","Заготовка носія біологічних даних. Назва, опис і бали з'являться, коли адміністратор опише її в DataItems.json.","Заготовка носія біологічних даних. Назва, опис і бали з'являться, коли адміністратор опише її в DataItems.json.","Заготовка носія біологічних даних. Назва, опис і бали з'являться, коли адміністратор опише її в DataItems.json.",
"str_zp_data_29","Біодані 29 (не налаштовано)","Bio data 29 (not configured)","Біодані 29 (не налаштовано)","Біодані 29 (не налаштовано)","Біодані 29 (не налаштовано)","Біодані 29 (не налаштовано)","Біодані 29 (не налаштовано)","Біодані 29 (не налаштовано)","Біодані 29 (не налаштовано)","Біодані 29 (не налаштовано)","Біодані 29 (не налаштовано)","Біодані 29 (не налаштовано)","Біодані 29 (не налаштовано)","Біодані 29 (не налаштовано)",
"str_zp_data_29_desc","Заготовка носія біологічних даних. Назва, опис і бали з'являться, коли адміністратор опише її в DataItems.json.","A blank carrier of biological data. Its name, description and points appear once an administrator defines it in DataItems.json.","Заготовка носія біологічних даних. Назва, опис і бали з'являться, коли адміністратор опише її в DataItems.json.","Заготовка носія біологічних даних. Назва, опис і бали з'являться, коли адміністратор опише її в DataItems.json.","Заготовка носія біологічних даних. Назва, опис і бали з'являться, коли адміністратор опише її в DataItems.json.","Заготовка носія біологічних даних. Назва, опис і бали з'являться, коли адміністратор опише її в DataItems.json.","Заготовка носія біологічних даних. Назва, опис і бали з'являться, коли адміністратор опише її в DataItems.json.","Заготовка носія біологічних даних. Назва, опис і бали з'являться, коли адміністратор опише її в DataItems.json.","Заготовка носія біологічних даних. Назва, опис і бали з'являться, коли адміністратор опише її в DataItems.json.","Заготовка носія біологічних даних. Назва, опис і бали з'являться, коли адміністратор опише її в DataItems.json.","Заготовка носія біологічних даних. Назва, опис і бали з'являться, коли адміністратор опише її в DataItems.json.","Заготовка носія біологічних даних. Назва, опис і бали з'являться, коли адміністратор опише її в DataItems.json.","Заготовка носія біологічних даних. Назва, опис і бали з'являться, коли адміністратор опише її в DataItems.json.","Заготовка носія біологічних даних. Назва, опис і бали з'являться, коли адміністратор опише її в DataItems.json.",
"str_zp_data_30","Біодані 30 (не налаштовано)","Bio data 30 (not configured)","Біодані 30 (не налаштовано)","Біодані 30 (не налаштовано)","Біодані 30 (не налаштовано)","Біодані 30 (не налаштовано)","Біодані 30 (не налаштовано)","Біодані 30 (не налаштовано)","Біодані 30 (не налаштовано)","Біодані 30 (не налаштовано)","Біодані 30 (не налаштовано)","Біодані 30 (не налаштовано)","Біодані 30 (не налаштовано)","Біодані 30 (не налаштовано)",
"str_zp_data_30_desc","Заготовка носія біологічних даних. Назва, опис і бали з'являться, коли адміністратор опише її в DataItems.json.","A blank carrier of biological data. Its name, description and points appear once an administrator defines it in DataItems.json.","Заготовка носія біологічних даних. Назва, опис і бали з'являться, коли адміністратор опише її в DataItems.json.","Заготовка носія біологічних даних. Назва, опис і бали з'являться, коли адміністратор опише її в DataItems.json.","Заготовка носія біологічних даних. Назва, опис і бали з'являться, коли адміністратор опише її в DataItems.json.","Заготовка носія біологічних даних. Назва, опис і бали з'являться, коли адміністратор опише її в DataItems.json.","Заготовка носія біологічних даних. Назва, опис і бали з'являться, коли адміністратор опише її в DataItems.json.","Заготовка носія біологічних даних. Назва, опис і бали з'являться, коли адміністратор опише її в DataItems.json.","Заготовка носія біологічних даних. Назва, опис і бали з'являться, коли адміністратор опише її в DataItems.json.","Заготовка носія біологічних даних. Назва, опис і бали з'являться, коли адміністратор опише її в DataItems.json.","Заготовка носія біологічних даних. Назва, опис і бали з'являться, коли адміністратор опише її в DataItems.json.","Заготовка носія біологічних даних. Назва, опис і бали з'являться, коли адміністратор опише її в DataItems.json.","Заготовка носія біологічних даних. Назва, опис і бали з'являться, коли адміністратор опише її в DataItems.json.","Заготовка носія біологічних даних. Назва, опис і бали з'являться, коли адміністратор опише її в DataItems.json.",
"str_zp_data_31","Аномальні дані 31 (не налаштовано)","Anomaly data 31 (not configured)","Аномальні дані 31 (не налаштовано)","Аномальні дані 31 (не налаштовано)","Аномальні дані 31 (не налаштовано)","Аномальні дані 31 (не налаштовано)","Аномальні дані 31 (не налаштовано)","Аномальні дані 31 (не налаштовано)","Аномальні дані 31 (не налаштовано)","Аномальні дані 31 (не налаштовано)","Аномальні дані 31 (не налаштовано)","Аномальні дані 31 (не налаштовано)","Аномальні дані 31 (не налаштовано)","Аномальні дані 31 (не налаштовано)",
"str_zp_data_31_desc","Заготовка носія даних про аномалії. Назва, опис і бали з'являться, коли адміністратор опише її в DataItems.json.","A blank carrier of anomaly data. Its name, description and points appear once an administrator defines it in DataItems.json.","Заготовка носія даних про аномалії. Назва, опис і бали з'являться, коли адміністратор опише її в DataItems.json.","Заготовка носія даних про аномалії. Назва, опис і бали з'являться, коли адміністратор опише її в DataItems.json.","Заготовка носія даних про аномалії. Назва, опис і бали з'являться, коли адміністратор опише її в DataItems.json.","Заготовка носія даних про аномалії. Назва, опис і бали з'являться, коли адміністратор опише її в DataItems.json.","Заготовка носія даних про аномалії. Назва, опис і бали з'являться, коли адміністратор опише її в DataItems.json.","Заготовка носія даних про аномалії. Назва, опис і бали з'являться, коли адміністратор опише її в DataItems.json.","Заготовка носія даних про аномалії. Назва, опис і бали з'являться, коли адміністратор опише її в DataItems.json.","Заготовка носія даних про аномалії. Назва, опис і бали з'являться, коли адміністратор опише її в DataItems.json.","Заготовка носія даних про аномалії. Назва, опис і бали з'являться, коли адміністратор опише її в DataItems.json.","Заготовка носія даних про аномалії. Назва, опис і бали з'являться, коли адміністратор опише її в DataItems.json.","Заготовка носія даних про аномалії. Назва, опис і бали з'являться, коли адміністратор опише її в DataItems.json.","Заготовка носія даних про аномалії. Назва, опис і бали з'являться, коли адміністратор опише її в DataItems.json.",
"str_zp_data_32","Аномальні дані 32 (не налаштовано)","Anomaly data 32 (not configured)","Аномальні дані 32 (не налаштовано)","Аномальні дані 32 (не налаштовано)","Аномальні дані 32 (не налаштовано)","Аномальні дані 32 (не налаштовано)","Аномальні дані 32 (не налаштовано)","Аномальні дані 32 (не налаштовано)","Аномальні дані 32 (не налаштовано)","Аномальні дані 32 (не налаштовано)","Аномальні дані 32 (не налаштовано)","Аномальні дані 32 (не налаштовано)","Аномальні дані 32 (не налаштовано)","Аномальні дані 32 (не налаштовано)",
"str_zp_data_32_desc","Заготовка носія даних про аномалії. Назва, опис і бали з'являться, коли адміністратор опише її в DataItems.json.","A blank carrier of anomaly data. Its name, description and points appear once an administrator defines it in DataItems.json.","Заготовка носія даних про аномалії. Назва, опис і бали з'являться, коли адміністратор опише її в DataItems.json.","Заготовка носія даних про аномалії. Назва, опис і бали з'являться, коли адміністратор опише її в DataItems.json.","Заготовка носія даних про аномалії. Назва, опис і бали з'являться, коли адміністратор опише її в DataItems.json.","Заготовка носія даних про аномалії. Назва, опис і бали з'являться, коли адміністратор опише її в DataItems.json.","Заготовка носія даних про аномалії. Назва, опис і бали з'являться, коли адміністратор опише її в DataItems.json.","Заготовка носія даних про аномалії. Назва, опис і бали з'являться, коли адміністратор опише її в DataItems.json.","Заготовка носія даних про аномалії. Назва, опис і бали з'являться, коли адміністратор опише її в DataItems.json.","Заготовка носія даних про аномалії. Назва, опис і бали з'являться, коли адміністратор опише її в DataItems.json.","Заготовка носія даних про аномалії. Назва, опис і бали з'являться, коли адміністратор опише її в DataItems.json.","Заготовка носія даних про аномалії. Назва, опис і бали з'являться, коли адміністратор опише її в DataItems.json.","Заготовка носія даних про аномалії. Назва, опис і бали з'являться, коли адміністратор опише її в DataItems.json.","Заготовка носія даних про аномалії. Назва, опис і бали з'являться, коли адміністратор опише її в DataItems.json.",
"str_zp_data_33","Аномальні дані 33 (не налаштовано)","Anomaly data 33 (not configured)","Аномальні дані 33 (не налаштовано)","Аномальні дані 33 (не налаштовано)","Аномальні дані 33 (не налаштовано)","Аномальні дані 33 (не налаштовано)","Аномальні дані 33 (не налаштовано)","Аномальні дані 33 (не налаштовано)","Аномальні дані 33 (не налаштовано)","Аномальні дані 33 (не налаштовано)","Аномальні дані 33 (не налаштовано)","Аномальні дані 33 (не налаштовано)","Аномальні дані 33 (не налаштовано)","Аномальні дані 33 (не налаштовано)",
"str_zp_data_33_desc","Заготовка носія даних про аномалії. Назва, опис і бали з'являться, коли адміністратор опише її в DataItems.json.","A blank carrier of anomaly data. Its name, description and points appear once an administrator defines it in DataItems.json.","Заготовка носія даних про аномалії. Назва, опис і бали з'являться, коли адміністратор опише її в DataItems.json.","Заготовка носія даних про аномалії. Назва, опис і бали з'являться, коли адміністратор опише її в DataItems.json.","Заготовка носія даних про аномалії. Назва, опис і бали з'являться, коли адміністратор опише її в DataItems.json.","Заготовка носія даних про аномалії. Назва, опис і бали з'являться, коли адміністратор опише її в DataItems.json.","Заготовка носія даних про аномалії. Назва, опис і бали з'являться, коли адміністратор опише її в DataItems.json.","Заготовка носія даних про аномалії. Назва, опис і бали з'являться, коли адміністратор опише її в DataItems.json.","Заготовка носія даних про аномалії. Назва, опис і бали з'являться, коли адміністратор опише її в DataItems.json.","Заготовка носія даних про аномалії. Назва, опис і бали з'являться, коли адміністратор опише її в DataItems.json.","Заготовка носія даних про аномалії. Назва, опис і бали з'являться, коли адміністратор опише її в DataItems.json.","Заготовка носія даних про аномалії. Назва, опис і бали з'являться, коли адміністратор опише її в DataItems.json.","Заготовка носія даних про аномалії. Назва, опис і бали з'являться, коли адміністратор опише її в DataItems.json.","Заготовка носія даних про аномалії. Назва, опис і бали з'являться, коли адміністратор опише її в DataItems.json.",
"str_zp_data_34","Аномальні дані 34 (не налаштовано)","Anomaly data 34 (not configured)","Аномальні дані 34 (не налаштовано)","Аномальні дані 34 (не налаштовано)","Аномальні дані 34 (не налаштовано)","Аномальні дані 34 (не налаштовано)","Аномальні дані 34 (не налаштовано)","Аномальні дані 34 (не налаштовано)","Аномальні дані 34 (не налаштовано)","Аномальні дані 34 (не налаштовано)","Аномальні дані 34 (не налаштовано)","Аномальні дані 34 (не налаштовано)","Аномальні дані 34 (не налаштовано)","Аномальні дані 34 (не налаштовано)",
"str_zp_data_34_desc","Заготовка носія даних про аномалії. Назва, опис і бали з'являться, коли адміністратор опише її в DataItems.json.","A blank carrier of anomaly data. Its name, description and points appear once an administrator defines it in DataItems.json.","Заготовка носія даних про аномалії. Назва, опис і бали з'являться, коли адміністратор опише її в DataItems.json.","Заготовка носія даних про аномалії. Назва, опис і бали з'являться, коли адміністратор опише її в DataItems.json.","Заготовка носія даних про аномалії. Назва, опис і бали з'являться, коли адміністратор опише її в DataItems.json.","Заготовка носія даних про аномалії. Назва, опис і бали з'являться, коли адміністратор опише її в DataItems.json.","Заготовка носія даних про аномалії. Назва, опис і бали з'являться, коли адміністратор опише її в DataItems.json.","Заготовка носія даних про аномалії. Назва, опис і бали з'являться, коли адміністратор опише її в DataItems.json.","Заготовка носія даних про аномалії. Назва, опис і бали з'являться, коли адміністратор опише її в DataItems.json.","Заготовка носія даних про аномалії. Назва, опис і бали з'являться, коли адміністратор опише її в DataItems.json.","Заготовка носія даних про аномалії. Назва, опис і бали з'являться, коли адміністратор опише її в DataItems.json.","Заготовка носія даних про аномалії. Назва, опис і бали з'являться, коли адміністратор опише її в DataItems.json.","Заготовка носія даних про аномалії. Назва, опис і бали з'являться, коли адміністратор опише її в DataItems.json.","Заготовка носія даних про аномалії. Назва, опис і бали з'являться, коли адміністратор опише її в DataItems.json.",
"str_zp_data_35","Аномальні дані 35 (не налаштовано)","Anomaly data 35 (not configured)","Аномальні дані 35 (не налаштовано)","Аномальні дані 35 (не налаштовано)","Аномальні дані 35 (не налаштовано)","Аномальні дані 35 (не налаштовано)","Аномальні дані 35 (не налаштовано)","Аномальні дані 35 (не налаштовано)","Аномальні дані 35 (не налаштовано)","Аномальні дані 35 (не налаштовано)","Аномальні дані 35 (не налаштовано)","Аномальні дані 35 (не налаштовано)","Аномальні дані 35 (не налаштовано)","Аномальні дані 35 (не налаштовано)",
"str_zp_data_35_desc","Заготовка носія даних про аномалії. Назва, опис і бали з'являться, коли адміністратор опише її в DataItems.json.","A blank carrier of anomaly data. Its name, description and points appear once an administrator defines it in DataItems.json.","Заготовка носія даних про аномалії. Назва, опис і бали з'являться, коли адміністратор опише її в DataItems.json.","Заготовка носія даних про аномалії. Назва, опис і бали з'являться, коли адміністратор опише її в DataItems.json.","Заготовка носія даних про аномалії. Назва, опис і бали з'являться, коли адміністратор опише її в DataItems.json.","Заготовка носія даних про аномалії. Назва, опис і бали з'являться, коли адміністратор опише її в DataItems.json.","Заготовка носія даних про аномалії. Назва, опис і бали з'являться, коли адміністратор опише її в DataItems.json.","Заготовка носія даних про аномалії. Назва, опис і бали з'являться, коли адміністратор опише її в DataItems.json.","Заготовка носія даних про аномалії. Назва, опис і бали з'являться, коли адміністратор опише її в DataItems.json.","Заготовка носія даних про аномалії. Назва, опис і бали з'являться, коли адміністратор опише її в DataItems.json.","Заготовка носія даних про аномалії. Назва, опис і бали з'являться, коли адміністратор опише її в DataItems.json.","Заготовка носія даних про аномалії. Назва, опис і бали з'являться, коли адміністратор опише її в DataItems.json.","Заготовка носія даних про аномалії. Назва, опис і бали з'являться, коли адміністратор опише її в DataItems.json.","Заготовка носія даних про аномалії. Назва, опис і бали з'являться, коли адміністратор опише її в DataItems.json.",
"str_zp_data_36","Аномальні дані 36 (не налаштовано)","Anomaly data 36 (not configured)","Аномальні дані 36 (не налаштовано)","Аномальні дані 36 (не налаштовано)","Аномальні дані 36 (не налаштовано)","Аномальні дані 36 (не налаштовано)","Аномальні дані 36 (не налаштовано)","Аномальні дані 36 (не налаштовано)","Аномальні дані 36 (не налаштовано)","Аномальні дані 36 (не налаштовано)","Аномальні дані 36 (не налаштовано)","Аномальні дані 36 (не налаштовано)","Аномальні дані 36 (не налаштовано)","Аномальні дані 36 (не налаштовано)",
"str_zp_data_36_desc","Заготовка носія даних про аномалії. Назва, опис і бали з'являться, коли адміністратор опише її в DataItems.json.","A blank carrier of anomaly data. Its name, description and points appear once an administrator defines it in DataItems.json.","Заготовка носія даних про аномалії. Назва, опис і бали з'являться, коли адміністратор опише її в DataItems.json.","Заготовка носія даних про аномалії. Назва, опис і бали з'являться, коли адміністратор опише її в DataItems.json.","Заготовка носія даних про аномалії. Назва, опис і бали з'являться, коли адміністратор опише її в DataItems.json.","Заготовка носія даних про аномалії. Назва, опис і бали з'являться, коли адміністратор опише її в DataItems.json.","Заготовка носія даних про аномалії. Назва, опис і бали з'являться, коли адміністратор опише її в DataItems.json.","Заготовка носія даних про аномалії. Назва, опис і бали з'являться, коли адміністратор опише її в DataItems.json.","Заготовка носія даних про аномалії. Назва, опис і бали з'являться, коли адміністратор опише її в DataItems.json.","Заготовка носія даних про аномалії. Назва, опис і бали з'являться, коли адміністратор опише її в DataItems.json.","Заготовка носія даних про аномалії. Назва, опис і бали з'являться, коли адміністратор опише її в DataItems.json.","Заготовка носія даних про аномалії. Назва, опис і бали з'являться, коли адміністратор опише її в DataItems.json.","Заготовка носія даних про аномалії. Назва, опис і бали з'являться, коли адміністратор опише її в DataItems.json.","Заготовка носія даних про аномалії. Назва, опис і бали з'являться, коли адміністратор опише її в DataItems.json.",
"str_zp_data_37","Аномальні дані 37 (не налаштовано)","Anomaly data 37 (not configured)","Аномальні дані 37 (не налаштовано)","Аномальні дані 37 (не налаштовано)","Аномальні дані 37 (не налаштовано)","Аномальні дані 37 (не налаштовано)","Аномальні дані 37 (не налаштовано)","Аномальні дані 37 (не налаштовано)","Аномальні дані 37 (не налаштовано)","Аномальні дані 37 (не налаштовано)","Аномальні дані 37 (не налаштовано)","Аномальні дані 37 (не налаштовано)","Аномальні дані 37 (не налаштовано)","Аномальні дані 37 (не налаштовано)",
"str_zp_data_37_desc","Заготовка носія даних про аномалії. Назва, опис і бали з'являться, коли адміністратор опише її в DataItems.json.","A blank carrier of anomaly data. Its name, description and points appear once an administrator defines it in DataItems.json.","Заготовка носія даних про аномалії. Назва, опис і бали з'являться, коли адміністратор опише її в DataItems.json.","Заготовка носія даних про аномалії. Назва, опис і бали з'являться, коли адміністратор опише її в DataItems.json.","Заготовка носія даних про аномалії. Назва, опис і бали з'являться, коли адміністратор опише її в DataItems.json.","Заготовка носія даних про аномалії. Назва, опис і бали з'являться, коли адміністратор опише її в DataItems.json.","Заготовка носія даних про аномалії. Назва, опис і бали з'являться, коли адміністратор опише її в DataItems.json.","Заготовка носія даних про аномалії. Назва, опис і бали з'являться, коли адміністратор опише її в DataItems.json.","Заготовка носія даних про аномалії. Назва, опис і бали з'являться, коли адміністратор опише її в DataItems.json.","Заготовка носія даних про аномалії. Назва, опис і бали з'являться, коли адміністратор опише її в DataItems.json.","Заготовка носія даних про аномалії. Назва, опис і бали з'являться, коли адміністратор опише її в DataItems.json.","Заготовка носія даних про аномалії. Назва, опис і бали з'являться, коли адміністратор опише її в DataItems.json.","Заготовка носія даних про аномалії. Назва, опис і бали з'являться, коли адміністратор опише її в DataItems.json.","Заготовка носія даних про аномалії. Назва, опис і бали з'являться, коли адміністратор опише її в DataItems.json.",
"str_zp_data_38","Аномальні дані 38 (не налаштовано)","Anomaly data 38 (not configured)","Аномальні дані 38 (не налаштовано)","Аномальні дані 38 (не налаштовано)","Аномальні дані 38 (не налаштовано)","Аномальні дані 38 (не налаштовано)","Аномальні дані 38 (не налаштовано)","Аномальні дані 38 (не налаштовано)","Аномальні дані 38 (не налаштовано)","Аномальні дані 38 (не налаштовано)","Аномальні дані 38 (не налаштовано)","Аномальні дані 38 (не налаштовано)","Аномальні дані 38 (не налаштовано)","Аномальні дані 38 (не налаштовано)",
"str_zp_data_38_desc","Заготовка носія даних про аномалії. Назва, опис і бали з'являться, коли адміністратор опише її в DataItems.json.","A blank carrier of anomaly data. Its name, description and points appear once an administrator defines it in DataItems.json.","Заготовка носія даних про аномалії. Назва, опис і бали з'являться, коли адміністратор опише її в DataItems.json.","Заготовка носія даних про аномалії. Назва, опис і бали з'являться, коли адміністратор опише її в DataItems.json.","Заготовка носія даних про аномалії. Назва, опис і бали з'являться, коли адміністратор опише її в DataItems.json.","Заготовка носія даних про аномалії. Назва, опис і бали з'являться, коли адміністратор опише її в DataItems.json.","Заготовка носія даних про аномалії. Назва, опис і бали з'являться, коли адміністратор опише її в DataItems.json.","Заготовка носія даних про аномалії. Назва, опис і бали з'являться, коли адміністратор опише її в DataItems.json.","Заготовка носія даних про аномалії. Назва, опис і бали з'являться, коли адміністратор опише її в DataItems.json.","Заготовка носія даних про аномалії. Назва, опис і бали з'являться, коли адміністратор опише її в DataItems.json.","Заготовка носія даних про аномалії. Назва, опис і бали з'являться, коли адміністратор опише її в DataItems.json.","Заготовка носія даних про аномалії. Назва, опис і бали з'являться, коли адміністратор опише її в DataItems.json.","Заготовка носія даних про аномалії. Назва, опис і бали з'являться, коли адміністратор опише її в DataItems.json.","Заготовка носія даних про аномалії. Назва, опис і бали з'являться, коли адміністратор опише її в DataItems.json.",
"str_zp_data_39","Аномальні дані 39 (не налаштовано)","Anomaly data 39 (not configured)","Аномальні дані 39 (не налаштовано)","Аномальні дані 39 (не налаштовано)","Аномальні дані 39 (не налаштовано)","Аномальні дані 39 (не налаштовано)","Аномальні дані 39 (не налаштовано)","Аномальні дані 39 (не налаштовано)","Аномальні дані 39 (не налаштовано)","Аномальні дані 39 (не налаштовано)","Аномальні дані 39 (не налаштовано)","Аномальні дані 39 (не налаштовано)","Аномальні дані 39 (не налаштовано)","Аномальні дані 39 (не налаштовано)",
"str_zp_data_39_desc","Заготовка носія даних про аномалії. Назва, опис і бали з'являться, коли адміністратор опише її в DataItems.json.","A blank carrier of anomaly data. Its name, description and points appear once an administrator defines it in DataItems.json.","Заготовка носія даних про аномалії. Назва, опис і бали з'являться, коли адміністратор опише її в DataItems.json.","Заготовка носія даних про аномалії. Назва, опис і бали з'являться, коли адміністратор опише її в DataItems.json.","Заготовка носія даних про аномалії. Назва, опис і бали з'являться, коли адміністратор опише її в DataItems.json.","Заготовка носія даних про аномалії. Назва, опис і бали з'являться, коли адміністратор опише її в DataItems.json.","Заготовка носія даних про аномалії. Назва, опис і бали з'являться, коли адміністратор опише її в DataItems.json.","Заготовка носія даних про аномалії. Назва, опис і бали з'являться, коли адміністратор опише її в DataItems.json.","Заготовка носія даних про аномалії. Назва, опис і бали з'являться, коли адміністратор опише її в DataItems.json.","Заготовка носія даних про аномалії. Назва, опис і бали з'являться, коли адміністратор опише її в DataItems.json.","Заготовка носія даних про аномалії. Назва, опис і бали з'являться, коли адміністратор опише її в DataItems.json.","Заготовка носія даних про аномалії. Назва, опис і бали з'являться, коли адміністратор опише її в DataItems.json.","Заготовка носія даних про аномалії. Назва, опис і бали з'являться, коли адміністратор опише її в DataItems.json.","Заготовка носія даних про аномалії. Назва, опис і бали з'являться, коли адміністратор опише її в DataItems.json.",
"str_zp_data_40","Аномальні дані 40 (не налаштовано)","Anomaly data 40 (not configured)","Аномальні дані 40 (не налаштовано)","Аномальні дані 40 (не налаштовано)","Аномальні дані 40 (не налаштовано)","Аномальні дані 40 (не налаштовано)","Аномальні дані 40 (не налаштовано)","Аномальні дані 40 (не налаштовано)","Аномальні дані 40 (не налаштовано)","Аномальні дані 40 (не налаштовано)","Аномальні дані 40 (не налаштовано)","Аномальні дані 40 (не налаштовано)","Аномальні дані 40 (не налаштовано)","Аномальні дані 40 (не налаштовано)",
"str_zp_data_40_desc","Заготовка носія даних про аномалії. Назва, опис і бали з'являться, коли адміністратор опише її в DataItems.json.","A blank carrier of anomaly data. Its name, description and points appear once an administrator defines it in DataItems.json.","Заготовка носія даних про аномалії. Назва, опис і бали з'являться, коли адміністратор опише її в DataItems.json.","Заготовка носія даних про аномалії. Назва, опис і бали з'являться, коли адміністратор опише її в DataItems.json.","Заготовка носія даних про аномалії. Назва, опис і бали з'являться, коли адміністратор опише її в DataItems.json.","Заготовка носія даних про аномалії. Назва, опис і бали з'являться, коли адміністратор опише її в DataItems.json.","Заготовка носія даних про аномалії. Назва, опис і бали з'являться, коли адміністратор опише її в DataItems.json.","Заготовка носія даних про аномалії. Назва, опис і бали з'являться, коли адміністратор опише її в DataItems.json.","Заготовка носія даних про аномалії. Назва, опис і бали з'являться, коли адміністратор опише її в DataItems.json.","Заготовка носія даних про аномалії. Назва, опис і бали з'являться, коли адміністратор опише її в DataItems.json.","Заготовка носія даних про аномалії. Назва, опис і бали з'являться, коли адміністратор опише її в DataItems.json.","Заготовка носія даних про аномалії. Назва, опис і бали з'являться, коли адміністратор опише її в DataItems.json.","Заготовка носія даних про аномалії. Назва, опис і бали з'являться, коли адміністратор опише її в DataItems.json.","Заготовка носія даних про аномалії. Назва, опис і бали з'являться, коли адміністратор опише її в DataItems.json.",
"str_zp_data_41","Аномальні дані 41 (не налаштовано)","Anomaly data 41 (not configured)","Аномальні дані 41 (не налаштовано)","Аномальні дані 41 (не налаштовано)","Аномальні дані 41 (не налаштовано)","Аномальні дані 41 (не налаштовано)","Аномальні дані 41 (не налаштовано)","Аномальні дані 41 (не налаштовано)","Аномальні дані 41 (не налаштовано)","Аномальні дані 41 (не налаштовано)","Аномальні дані 41 (не налаштовано)","Аномальні дані 41 (не налаштовано)","Аномальні дані 41 (не налаштовано)","Аномальні дані 41 (не налаштовано)",
"str_zp_data_41_desc","Заготовка носія даних про аномалії. Назва, опис і бали з'являться, коли адміністратор опише її в DataItems.json.","A blank carrier of anomaly data. Its name, description and points appear once an administrator defines it in DataItems.json.","Заготовка носія даних про аномалії. Назва, опис і бали з'являться, коли адміністратор опише її в DataItems.json.","Заготовка носія даних про аномалії. Назва, опис і бали з'являться, коли адміністратор опише її в DataItems.json.","Заготовка носія даних про аномалії. Назва, опис і бали з'являться, коли адміністратор опише її в DataItems.json.","Заготовка носія даних про аномалії. Назва, опис і бали з'являться, коли адміністратор опише її в DataItems.json.","Заготовка носія даних про аномалії. Назва, опис і бали з'являться, коли адміністратор опише її в DataItems.json.","Заготовка носія даних про аномалії. Назва, опис і бали з'являться, коли адміністратор опише її в DataItems.json.","Заготовка носія даних про аномалії. Назва, опис і бали з'являться, коли адміністратор опише її в DataItems.json.","Заготовка носія даних про аномалії. Назва, опис і бали з'являться, коли адміністратор опише її в DataItems.json.","Заготовка носія даних про аномалії. Назва, опис і бали з'являться, коли адміністратор опише її в DataItems.json.","Заготовка носія даних про аномалії. Назва, опис і бали з'являться, коли адміністратор опише її в DataItems.json.","Заготовка носія даних про аномалії. Назва, опис і бали з'являться, коли адміністратор опише її в DataItems.json.","Заготовка носія даних про аномалії. Назва, опис і бали з'являться, коли адміністратор опише її в DataItems.json.",
"str_zp_data_42","Аномальні дані 42 (не налаштовано)","Anomaly data 42 (not configured)","Аномальні дані 42 (не налаштовано)","Аномальні дані 42 (не налаштовано)","Аномальні дані 42 (не налаштовано)","Аномальні дані 42 (не налаштовано)","Аномальні дані 42 (не налаштовано)","Аномальні дані 42 (не налаштовано)","Аномальні дані 42 (не налаштовано)","Аномальні дані 42 (не налаштовано)","Аномальні дані 42 (не налаштовано)","Аномальні дані 42 (не налаштовано)","Аномальні дані 42 (не налаштовано)","Аномальні дані 42 (не налаштовано)",
"str_zp_data_42_desc","Заготовка носія даних про аномалії. Назва, опис і бали з'являться, коли адміністратор опише її в DataItems.json.","A blank carrier of anomaly data. Its name, description and points appear once an administrator defines it in DataItems.json.","Заготовка носія даних про аномалії. Назва, опис і бали з'являться, коли адміністратор опише її в DataItems.json.","Заготовка носія даних про аномалії. Назва, опис і бали з'являться, коли адміністратор опише її в DataItems.json.","Заготовка носія даних про аномалії. Назва, опис і бали з'являться, коли адміністратор опише її в DataItems.json.","Заготовка носія даних про аномалії. Назва, опис і бали з'являться, коли адміністратор опише її в DataItems.json.","Заготовка носія даних про аномалії. Назва, опис і бали з'являться, коли адміністратор опише її в DataItems.json.","Заготовка носія даних про аномалії. Назва, опис і бали з'являться, коли адміністратор опише її в DataItems.json.","Заготовка носія даних про аномалії. Назва, опис і бали з'являться, коли адміністратор опише її в DataItems.json.","Заготовка носія даних про аномалії. Назва, опис і бали з'являться, коли адміністратор опише її в DataItems.json.","Заготовка носія даних про аномалії. Назва, опис і бали з'являться, коли адміністратор опише її в DataItems.json.","Заготовка носія даних про аномалії. Назва, опис і бали з'являться, коли адміністратор опише її в DataItems.json.","Заготовка носія даних про аномалії. Назва, опис і бали з'являться, коли адміністратор опише її в DataItems.json.","Заготовка носія даних про аномалії. Назва, опис і бали з'являться, коли адміністратор опише її в DataItems.json.",
"str_zp_data_43","Аномальні дані 43 (не налаштовано)","Anomaly data 43 (not configured)","Аномальні дані 43 (не налаштовано)","Аномальні дані 43 (не налаштовано)","Аномальні дані 43 (не налаштовано)","Аномальні дані 43 (не налаштовано)","Аномальні дані 43 (не налаштовано)","Аномальні дані 43 (не налаштовано)","Аномальні дані 43 (не налаштовано)","Аномальні дані 43 (не налаштовано)","Аномальні дані 43 (не налаштовано)","Аномальні дані 43 (не налаштовано)","Аномальні дані 43 (не налаштовано)","Аномальні дані 43 (не налаштовано)",
"str_zp_data_43_desc","Заготовка носія даних про аномалії. Назва, опис і бали з'являться, коли адміністратор опише її в DataItems.json.","A blank carrier of anomaly data. Its name, description and points appear once an administrator defines it in DataItems.json.","Заготовка носія даних про аномалії. Назва, опис і бали з'являться, коли адміністратор опише її в DataItems.json.","Заготовка носія даних про аномалії. Назва, опис і бали з'являться, коли адміністратор опише її в DataItems.json.","Заготовка носія даних про аномалії. Назва, опис і бали з'являться, коли адміністратор опише її в DataItems.json.","Заготовка носія даних про аномалії. Назва, опис і бали з'являться, коли адміністратор опише її в DataItems.json.","Заготовка носія даних про аномалії. Назва, опис і бали з'являться, коли адміністратор опише її в DataItems.json.","Заготовка носія даних про аномалії. Назва, опис і бали з'являться, коли адміністратор опише її в DataItems.json.","Заготовка носія даних про аномалії. Назва, опис і бали з'являться, коли адміністратор опише її в DataItems.json.","Заготовка носія даних про аномалії. Назва, опис і бали з'являться, коли адміністратор опише її в DataItems.json.","Заготовка носія даних про аномалії. Назва, опис і бали з'являться, коли адміністратор опише її в DataItems.json.","Заготовка носія даних про аномалії. Назва, опис і бали з'являться, коли адміністратор опише її в DataItems.json.","Заготовка носія даних про аномалії. Назва, опис і бали з'являться, коли адміністратор опише її в DataItems.json.","Заготовка носія даних про аномалії. Назва, опис і бали з'являться, коли адміністратор опише її в DataItems.json.",
"str_zp_data_44","Аномальні дані 44 (не налаштовано)","Anomaly data 44 (not configured)","Аномальні дані 44 (не налаштовано)","Аномальні дані 44 (не налаштовано)","Аномальні дані 44 (не налаштовано)","Аномальні дані 44 (не налаштовано)","Аномальні дані 44 (не налаштовано)","Аномальні дані 44 (не налаштовано)","Аномальні дані 44 (не налаштовано)","Аномальні дані 44 (не налаштовано)","Аномальні дані 44 (не налаштовано)","Аномальні дані 44 (не налаштовано)","Аномальні дані 44 (не налаштовано)","Аномальні дані 44 (не налаштовано)",
"str_zp_data_44_desc","Заготовка носія даних про аномалії. Назва, опис і бали з'являться, коли адміністратор опише її в DataItems.json.","A blank carrier of anomaly data. Its name, description and points appear once an administrator defines it in DataItems.json.","Заготовка носія даних про аномалії. Назва, опис і бали з'являться, коли адміністратор опише її в DataItems.json.","Заготовка носія даних про аномалії. Назва, опис і бали з'являться, коли адміністратор опише її в DataItems.json.","Заготовка носія даних про аномалії. Назва, опис і бали з'являться, коли адміністратор опише її в DataItems.json.","Заготовка носія даних про аномалії. Назва, опис і бали з'являться, коли адміністратор опише її в DataItems.json.","Заготовка носія даних про аномалії. Назва, опис і бали з'являться, коли адміністратор опише її в DataItems.json.","Заготовка носія даних про аномалії. Назва, опис і бали з'являться, коли адміністратор опише її в DataItems.json.","Заготовка носія даних про аномалії. Назва, опис і бали з'являться, коли адміністратор опише її в DataItems.json.","Заготовка носія даних про аномалії. Назва, опис і бали з'являться, коли адміністратор опише її в DataItems.json.","Заготовка носія даних про аномалії. Назва, опис і бали з'являться, коли адміністратор опише її в DataItems.json.","Заготовка носія даних про аномалії. Назва, опис і бали з'являться, коли адміністратор опише її в DataItems.json.","Заготовка носія даних про аномалії. Назва, опис і бали з'являться, коли адміністратор опише її в DataItems.json.","Заготовка носія даних про аномалії. Назва, опис і бали з'являться, коли адміністратор опише її в DataItems.json.",
"str_zp_data_45","Аномальні дані 45 (не налаштовано)","Anomaly data 45 (not configured)","Аномальні дані 45 (не налаштовано)","Аномальні дані 45 (не налаштовано)","Аномальні дані 45 (не налаштовано)","Аномальні дані 45 (не налаштовано)","Аномальні дані 45 (не налаштовано)","Аномальні дані 45 (не налаштовано)","Аномальні дані 45 (не налаштовано)","Аномальні дані 45 (не налаштовано)","Аномальні дані 45 (не налаштовано)","Аномальні дані 45 (не налаштовано)","Аномальні дані 45 (не налаштовано)","Аномальні дані 45 (не налаштовано)",
"str_zp_data_45_desc","Заготовка носія даних про аномалії. Назва, опис і бали з'являться, коли адміністратор опише її в DataItems.json.","A blank carrier of anomaly data. Its name, description and points appear once an administrator defines it in DataItems.json.","Заготовка носія даних про аномалії. Назва, опис і бали з'являться, коли адміністратор опише її в DataItems.json.","Заготовка носія даних про аномалії. Назва, опис і бали з'являться, коли адміністратор опише її в DataItems.json.","Заготовка носія даних про аномалії. Назва, опис і бали з'являться, коли адміністратор опише її в DataItems.json.","Заготовка носія даних про аномалії. Назва, опис і бали з'являться, коли адміністратор опише її в DataItems.json.","Заготовка носія даних про аномалії. Назва, опис і бали з'являться, коли адміністратор опише її в DataItems.json.","Заготовка носія даних про аномалії. Назва, опис і бали з'являться, коли адміністратор опише її в DataItems.json.","Заготовка носія даних про аномалії. Назва, опис і бали з'являться, коли адміністратор опише її в DataItems.json.","Заготовка носія даних про аномалії. Назва, опис і бали з'являться, коли адміністратор опише її в DataItems.json.","Заготовка носія даних про аномалії. Назва, опис і бали з'являться, коли адміністратор опише її в DataItems.json.","Заготовка носія даних про аномалії. Назва, опис і бали з'являться, коли адміністратор опише її в DataItems.json.","Заготовка носія даних про аномалії. Назва, опис і бали з'являться, коли адміністратор опише її в DataItems.json.","Заготовка носія даних про аномалії. Назва, опис і бали з'являться, коли адміністратор опише її в DataItems.json.",
"str_zp_data_46","Аномальні дані 46 (не налаштовано)","Anomaly data 46 (not configured)","Аномальні дані 46 (не налаштовано)","Аномальні дані 46 (не налаштовано)","Аномальні дані 46 (не налаштовано)","Аномальні дані 46 (не налаштовано)","Аномальні дані 46 (не налаштовано)","Аномальні дані 46 (не налаштовано)","Аномальні дані 46 (не налаштовано)","Аномальні дані 46 (не налаштовано)","Аномальні дані 46 (не налаштовано)","Аномальні дані 46 (не налаштовано)","Аномальні дані 46 (не налаштовано)","Аномальні дані 46 (не налаштовано)",
"str_zp_data_46_desc","Заготовка носія даних про аномалії. Назва, опис і бали з'являться, коли адміністратор опише її в DataItems.json.","A blank carrier of anomaly data. Its name, description and points appear once an administrator defines it in DataItems.json.","Заготовка носія даних про аномалії. Назва, опис і бали з'являться, коли адміністратор опише її в DataItems.json.","Заготовка носія даних про аномалії. Назва, опис і бали з'являться, коли адміністратор опише її в DataItems.json.","Заготовка носія даних про аномалії. Назва, опис і бали з'являться, коли адміністратор опише її в DataItems.json.","Заготовка носія даних про аномалії. Назва, опис і бали з'являться, коли адміністратор опише її в DataItems.json.","Заготовка носія даних про аномалії. Назва, опис і бали з'являться, коли адміністратор опише її в DataItems.json.","Заготовка носія даних про аномалії. Назва, опис і бали з'являться, коли адміністратор опише її в DataItems.json.","Заготовка носія даних про аномалії. Назва, опис і бали з'являться, коли адміністратор опише її в DataItems.json.","Заготовка носія даних про аномалії. Назва, опис і бали з'являться, коли адміністратор опише її в DataItems.json.","Заготовка носія даних про аномалії. Назва, опис і бали з'являться, коли адміністратор опише її в DataItems.json.","Заготовка носія даних про аномалії. Назва, опис і бали з'являться, коли адміністратор опише її в DataItems.json.","Заготовка носія даних про аномалії. Назва, опис і бали з'являться, коли адміністратор опише її в DataItems.json.","Заготовка носія даних про аномалії. Назва, опис і бали з'являться, коли адміністратор опише її в DataItems.json.",
"str_zp_data_47","Аномальні дані 47 (не налаштовано)","Anomaly data 47 (not configured)","Аномальні дані 47 (не налаштовано)","Аномальні дані 47 (не налаштовано)","Аномальні дані 47 (не налаштовано)","Аномальні дані 47 (не налаштовано)","Аномальні дані 47 (не налаштовано)","Аномальні дані 47 (не налаштовано)","Аномальні дані 47 (не налаштовано)","Аномальні дані 47 (не налаштовано)","Аномальні дані 47 (не налаштовано)","Аномальні дані 47 (не налаштовано)","Аномальні дані 47 (не налаштовано)","Аномальні дані 47 (не налаштовано)",
"str_zp_data_47_desc","Заготовка носія даних про аномалії. Назва, опис і бали з'являться, коли адміністратор опише її в DataItems.json.","A blank carrier of anomaly data. Its name, description and points appear once an administrator defines it in DataItems.json.","Заготовка носія даних про аномалії. Назва, опис і бали з'являться, коли адміністратор опише її в DataItems.json.","Заготовка носія даних про аномалії. Назва, опис і бали з'являться, коли адміністратор опише її в DataItems.json.","Заготовка носія даних про аномалії. Назва, опис і бали з'являться, коли адміністратор опише її в DataItems.json.","Заготовка носія даних про аномалії. Назва, опис і бали з'являться, коли адміністратор опише її в DataItems.json.","Заготовка носія даних про аномалії. Назва, опис і бали з'являться, коли адміністратор опише її в DataItems.json.","Заготовка носія даних про аномалії. Назва, опис і бали з'являться, коли адміністратор опише її в DataItems.json.","Заготовка носія даних про аномалії. Назва, опис і бали з'являться, коли адміністратор опише її в DataItems.json.","Заготовка носія даних про аномалії. Назва, опис і бали з'являться, коли адміністратор опише її в DataItems.json.","Заготовка носія даних про аномалії. Назва, опис і бали з'являться, коли адміністратор опише її в DataItems.json.","Заготовка носія даних про аномалії. Назва, опис і бали з'являться, коли адміністратор опише її в DataItems.json.","Заготовка носія даних про аномалії. Назва, опис і бали з'являться, коли адміністратор опише її в DataItems.json.","Заготовка носія даних про аномалії. Назва, опис і бали з'являться, коли адміністратор опише її в DataItems.json.",
"str_zp_data_48","Аномальні дані 48 (не налаштовано)","Anomaly data 48 (not configured)","Аномальні дані 48 (не налаштовано)","Аномальні дані 48 (не налаштовано)","Аномальні дані 48 (не налаштовано)","Аномальні дані 48 (не налаштовано)","Аномальні дані 48 (не налаштовано)","Аномальні дані 48 (не налаштовано)","Аномальні дані 48 (не налаштовано)","Аномальні дані 48 (не налаштовано)","Аномальні дані 48 (не налаштовано)","Аномальні дані 48 (не налаштовано)","Аномальні дані 48 (не налаштовано)","Аномальні дані 48 (не налаштовано)",
"str_zp_data_48_desc","Заготовка носія даних про аномалії. Назва, опис і бали з'являться, коли адміністратор опише її в DataItems.json.","A blank carrier of anomaly data. Its name, description and points appear once an administrator defines it in DataItems.json.","Заготовка носія даних про аномалії. Назва, опис і бали з'являться, коли адміністратор опише її в DataItems.json.","Заготовка носія даних про аномалії. Назва, опис і бали з'являться, коли адміністратор опише її в DataItems.json.","Заготовка носія даних про аномалії. Назва, опис і бали з'являться, коли адміністратор опише її в DataItems.json.","Заготовка носія даних про аномалії. Назва, опис і бали з'являться, коли адміністратор опише її в DataItems.json.","Заготовка носія даних про аномалії. Назва, опис і бали з'являться, коли адміністратор опише її в DataItems.json.","Заготовка носія даних про аномалії. Назва, опис і бали з'являться, коли адміністратор опише її в DataItems.json.","Заготовка носія даних про аномалії. Назва, опис і бали з'являться, коли адміністратор опише її в DataItems.json.","Заготовка носія даних про аномалії. Назва, опис і бали з'являться, коли адміністратор опише її в DataItems.json.","Заготовка носія даних про аномалії. Назва, опис і бали з'являться, коли адміністратор опише її в DataItems.json.","Заготовка носія даних про аномалії. Назва, опис і бали з'являться, коли адміністратор опише її в DataItems.json.","Заготовка носія даних про аномалії. Назва, опис і бали з'являться, коли адміністратор опише її в DataItems.json.","Заготовка носія даних про аномалії. Назва, опис і бали з'являться, коли адміністратор опише її в DataItems.json.",
"str_zp_data_49","Аномальні дані 49 (не налаштовано)","Anomaly data 49 (not configured)","Аномальні дані 49 (не налаштовано)","Аномальні дані 49 (не налаштовано)","Аномальні дані 49 (не налаштовано)","Аномальні дані 49 (не налаштовано)","Аномальні дані 49 (не налаштовано)","Аномальні дані 49 (не налаштовано)","Аномальні дані 49 (не налаштовано)","Аномальні дані 49 (не налаштовано)","Аномальні дані 49 (не налаштовано)","Аномальні дані 49 (не налаштовано)","Аномальні дані 49 (не налаштовано)","Аномальні дані 49 (не налаштовано)",
"str_zp_data_49_desc","Заготовка носія даних про аномалії. Назва, опис і бали з'являться, коли адміністратор опише її в DataItems.json.","A blank carrier of anomaly data. Its name, description and points appear once an administrator defines it in DataItems.json.","Заготовка носія даних про аномалії. Назва, опис і бали з'являться, коли адміністратор опише її в DataItems.json.","Заготовка носія даних про аномалії. Назва, опис і бали з'являться, коли адміністратор опише її в DataItems.json.","Заготовка носія даних про аномалії. Назва, опис і бали з'являться, коли адміністратор опише її в DataItems.json.","Заготовка носія даних про аномалії. Назва, опис і бали з'являться, коли адміністратор опише її в DataItems.json.","Заготовка носія даних про аномалії. Назва, опис і бали з'являться, коли адміністратор опише її в DataItems.json.","Заготовка носія даних про аномалії. Назва, опис і бали з'являться, коли адміністратор опише її в DataItems.json.","Заготовка носія даних про аномалії. Назва, опис і бали з'являться, коли адміністратор опише її в DataItems.json.","Заготовка носія даних про аномалії. Назва, опис і бали з'являться, коли адміністратор опише її в DataItems.json.","Заготовка носія даних про аномалії. Назва, опис і бали з'являться, коли адміністратор опише її в DataItems.json.","Заготовка носія даних про аномалії. Назва, опис і бали з'являться, коли адміністратор опише її в DataItems.json.","Заготовка носія даних про аномалії. Назва, опис і бали з'являться, коли адміністратор опише її в DataItems.json.","Заготовка носія даних про аномалії. Назва, опис і бали з'являться, коли адміністратор опише її в DataItems.json.",
"str_zp_data_50","Аномальні дані 50 (не налаштовано)","Anomaly data 50 (not configured)","Аномальні дані 50 (не налаштовано)","Аномальні дані 50 (не налаштовано)","Аномальні дані 50 (не налаштовано)","Аномальні дані 50 (не налаштовано)","Аномальні дані 50 (не налаштовано)","Аномальні дані 50 (не налаштовано)","Аномальні дані 50 (не налаштовано)","Аномальні дані 50 (не налаштовано)","Аномальні дані 50 (не налаштовано)","Аномальні дані 50 (не налаштовано)","Аномальні дані 50 (не налаштовано)","Аномальні дані 50 (не налаштовано)",
"str_zp_data_50_desc","Заготовка носія даних про аномалії. Назва, опис і бали з'являться, коли адміністратор опише її в DataItems.json.","A blank carrier of anomaly data. Its name, description and points appear once an administrator defines it in DataItems.json.","Заготовка носія даних про аномалії. Назва, опис і бали з'являться, коли адміністратор опише її в DataItems.json.","Заготовка носія даних про аномалії. Назва, опис і бали з'являться, коли адміністратор опише її в DataItems.json.","Заготовка носія даних про аномалії. Назва, опис і бали з'являться, коли адміністратор опише її в DataItems.json.","Заготовка носія даних про аномалії. Назва, опис і бали з'являться, коли адміністратор опише її в DataItems.json.","Заготовка носія даних про аномалії. Назва, опис і бали з'являться, коли адміністратор опише її в DataItems.json.","Заготовка носія даних про аномалії. Назва, опис і бали з'являться, коли адміністратор опише її в DataItems.json.","Заготовка носія даних про аномалії. Назва, опис і бали з'являться, коли адміністратор опише її в DataItems.json.","Заготовка носія даних про аномалії. Назва, опис і бали з'являться, коли адміністратор опише її в DataItems.json.","Заготовка носія даних про аномалії. Назва, опис і бали з'являться, коли адміністратор опише її в DataItems.json.","Заготовка носія даних про аномалії. Назва, опис і бали з'являться, коли адміністратор опише її в DataItems.json.","Заготовка носія даних про аномалії. Назва, опис і бали з'являться, коли адміністратор опише її в DataItems.json.","Заготовка носія даних про аномалії. Назва, опис і бали з'являться, коли адміністратор опише її в DataItems.json.",
"str_zp_data_51","Аномальні дані 51 (не налаштовано)","Anomaly data 51 (not configured)","Аномальні дані 51 (не налаштовано)","Аномальні дані 51 (не налаштовано)","Аномальні дані 51 (не налаштовано)","Аномальні дані 51 (не налаштовано)","Аномальні дані 51 (не налаштовано)","Аномальні дані 51 (не налаштовано)","Аномальні дані 51 (не налаштовано)","Аномальні дані 51 (не налаштовано)","Аномальні дані 51 (не налаштовано)","Аномальні дані 51 (не налаштовано)","Аномальні дані 51 (не налаштовано)","Аномальні дані 51 (не налаштовано)",
"str_zp_data_51_desc","Заготовка носія даних про аномалії. Назва, опис і бали з'являться, коли адміністратор опише її в DataItems.json.","A blank carrier of anomaly data. Its name, description and points appear once an administrator defines it in DataItems.json.","Заготовка носія даних про аномалії. Назва, опис і бали з'являться, коли адміністратор опише її в DataItems.json.","Заготовка носія даних про аномалії. Назва, опис і бали з'являться, коли адміністратор опише її в DataItems.json.","Заготовка носія даних про аномалії. Назва, опис і бали з'являться, коли адміністратор опише її в DataItems.json.","Заготовка носія даних про аномалії. Назва, опис і бали з'являться, коли адміністратор опише її в DataItems.json.","Заготовка носія даних про аномалії. Назва, опис і бали з'являться, коли адміністратор опише її в DataItems.json.","Заготовка носія даних про аномалії. Назва, опис і бали з'являться, коли адміністратор опише її в DataItems.json.","Заготовка носія даних про аномалії. Назва, опис і бали з'являться, коли адміністратор опише її в DataItems.json.","Заготовка носія даних про аномалії. Назва, опис і бали з'являться, коли адміністратор опише її в DataItems.json.","Заготовка носія даних про аномалії. Назва, опис і бали з'являться, коли адміністратор опише її в DataItems.json.","Заготовка носія даних про аномалії. Назва, опис і бали з'являться, коли адміністратор опише її в DataItems.json.","Заготовка носія даних про аномалії. Назва, опис і бали з'являться, коли адміністратор опише її в DataItems.json.","Заготовка носія даних про аномалії. Назва, опис і бали з'являться, коли адміністратор опише її в DataItems.json.",
"str_zp_data_52","Аномальні дані 52 (не налаштовано)","Anomaly data 52 (not configured)","Аномальні дані 52 (не налаштовано)","Аномальні дані 52 (не налаштовано)","Аномальні дані 52 (не налаштовано)","Аномальні дані 52 (не налаштовано)","Аномальні дані 52 (не налаштовано)","Аномальні дані 52 (не налаштовано)","Аномальні дані 52 (не налаштовано)","Аномальні дані 52 (не налаштовано)","Аномальні дані 52 (не налаштовано)","Аномальні дані 52 (не налаштовано)","Аномальні дані 52 (не налаштовано)","Аномальні дані 52 (не налаштовано)",
"str_zp_data_52_desc","Заготовка носія даних про аномалії. Назва, опис і бали з'являться, коли адміністратор опише її в DataItems.json.","A blank carrier of anomaly data. Its name, description and points appear once an administrator defines it in DataItems.json.","Заготовка носія даних про аномалії. Назва, опис і бали з'являться, коли адміністратор опише її в DataItems.json.","Заготовка носія даних про аномалії. Назва, опис і бали з'являться, коли адміністратор опише її в DataItems.json.","Заготовка носія даних про аномалії. Назва, опис і бали з'являться, коли адміністратор опише її в DataItems.json.","Заготовка носія даних про аномалії. Назва, опис і бали з'являться, коли адміністратор опише її в DataItems.json.","Заготовка носія даних про аномалії. Назва, опис і бали з'являться, коли адміністратор опише її в DataItems.json.","Заготовка носія даних про аномалії. Назва, опис і бали з'являться, коли адміністратор опише її в DataItems.json.","Заготовка носія даних про аномалії. Назва, опис і бали з'являться, коли адміністратор опише її в DataItems.json.","Заготовка носія даних про аномалії. Назва, опис і бали з'являться, коли адміністратор опише її в DataItems.json.","Заготовка носія даних про аномалії. Назва, опис і бали з'являться, коли адміністратор опише її в DataItems.json.","Заготовка носія даних про аномалії. Назва, опис і бали з'являться, коли адміністратор опише її в DataItems.json.","Заготовка носія даних про аномалії. Назва, опис і бали з'являться, коли адміністратор опише її в DataItems.json.","Заготовка носія даних про аномалії. Назва, опис і бали з'являться, коли адміністратор опише її в DataItems.json.",
"str_zp_data_53","Аномальні дані 53 (не налаштовано)","Anomaly data 53 (not configured)","Аномальні дані 53 (не налаштовано)","Аномальні дані 53 (не налаштовано)","Аномальні дані 53 (не налаштовано)","Аномальні дані 53 (не налаштовано)","Аномальні дані 53 (не налаштовано)","Аномальні дані 53 (не налаштовано)","Аномальні дані 53 (не налаштовано)","Аномальні дані 53 (не налаштовано)","Аномальні дані 53 (не налаштовано)","Аномальні дані 53 (не налаштовано)","Аномальні дані 53 (не налаштовано)","Аномальні дані 53 (не налаштовано)",
"str_zp_data_53_desc","Заготовка носія даних про аномалії. Назва, опис і бали з'являться, коли адміністратор опише її в DataItems.json.","A blank carrier of anomaly data. Its name, description and points appear once an administrator defines it in DataItems.json.","Заготовка носія даних про аномалії. Назва, опис і бали з'являться, коли адміністратор опише її в DataItems.json.","Заготовка носія даних про аномалії. Назва, опис і бали з'являться, коли адміністратор опише її в DataItems.json.","Заготовка носія даних про аномалії. Назва, опис і бали з'являться, коли адміністратор опише її в DataItems.json.","Заготовка носія даних про аномалії. Назва, опис і бали з'являться, коли адміністратор опише її в DataItems.json.","Заготовка носія даних про аномалії. Назва, опис і бали з'являться, коли адміністратор опише її в DataItems.json.","Заготовка носія даних про аномалії. Назва, опис і бали з'являться, коли адміністратор опише її в DataItems.json.","Заготовка носія даних про аномалії. Назва, опис і бали з'являться, коли адміністратор опише її в DataItems.json.","Заготовка носія даних про аномалії. Назва, опис і бали з'являться, коли адміністратор опише її в DataItems.json.","Заготовка носія даних про аномалії. Назва, опис і бали з'являться, коли адміністратор опише її в DataItems.json.","Заготовка носія даних про аномалії. Назва, опис і бали з'являться, коли адміністратор опише її в DataItems.json.","Заготовка носія даних про аномалії. Назва, опис і бали з'являться, коли адміністратор опише її в DataItems.json.","Заготовка носія даних про аномалії. Назва, опис і бали з'являться, коли адміністратор опише її в DataItems.json.",
"str_zp_data_54","Аномальні дані 54 (не налаштовано)","Anomaly data 54 (not configured)","Аномальні дані 54 (не налаштовано)","Аномальні дані 54 (не налаштовано)","Аномальні дані 54 (не налаштовано)","Аномальні дані 54 (не налаштовано)","Аномальні дані 54 (не налаштовано)","Аномальні дані 54 (не налаштовано)","Аномальні дані 54 (не налаштовано)","Аномальні дані 54 (не налаштовано)","Аномальні дані 54 (не налаштовано)","Аномальні дані 54 (не налаштовано)","Аномальні дані 54 (не налаштовано)","Аномальні дані 54 (не налаштовано)",
"str_zp_data_54_desc","Заготовка носія даних про аномалії. Назва, опис і бали з'являться, коли адміністратор опише її в DataItems.json.","A blank carrier of anomaly data. Its name, description and points appear once an administrator defines it in DataItems.json.","Заготовка носія даних про аномалії. Назва, опис і бали з'являться, коли адміністратор опише її в DataItems.json.","Заготовка носія даних про аномалії. Назва, опис і бали з'являться, коли адміністратор опише її в DataItems.json.","Заготовка носія даних про аномалії. Назва, опис і бали з'являться, коли адміністратор опише її в DataItems.json.","Заготовка носія даних про аномалії. Назва, опис і бали з'являться, коли адміністратор опише її в DataItems.json.","Заготовка носія даних про аномалії. Назва, опис і бали з'являться, коли адміністратор опише її в DataItems.json.","Заготовка носія даних про аномалії. Назва, опис і бали з'являться, коли адміністратор опише її в DataItems.json.","Заготовка носія даних про аномалії. Назва, опис і бали з'являться, коли адміністратор опише її в DataItems.json.","Заготовка носія даних про аномалії. Назва, опис і бали з'являться, коли адміністратор опише її в DataItems.json.","Заготовка носія даних про аномалії. Назва, опис і бали з'являться, коли адміністратор опише її в DataItems.json.","Заготовка носія даних про аномалії. Назва, опис і бали з'являться, коли адміністратор опише її в DataItems.json.","Заготовка носія даних про аномалії. Назва, опис і бали з'являться, коли адміністратор опише її в DataItems.json.","Заготовка носія даних про аномалії. Назва, опис і бали з'являться, коли адміністратор опише її в DataItems.json.",
"str_zp_data_55","Аномальні дані 55 (не налаштовано)","Anomaly data 55 (not configured)","Аномальні дані 55 (не налаштовано)","Аномальні дані 55 (не налаштовано)","Аномальні дані 55 (не налаштовано)","Аномальні дані 55 (не налаштовано)","Аномальні дані 55 (не налаштовано)","Аномальні дані 55 (не налаштовано)","Аномальні дані 55 (не налаштовано)","Аномальні дані 55 (не налаштовано)","Аномальні дані 55 (не налаштовано)","Аномальні дані 55 (не налаштовано)","Аномальні дані 55 (не налаштовано)","Аномальні дані 55 (не налаштовано)",
"str_zp_data_55_desc","Заготовка носія даних про аномалії. Назва, опис і бали з'являться, коли адміністратор опише її в DataItems.json.","A blank carrier of anomaly data. Its name, description and points appear once an administrator defines it in DataItems.json.","Заготовка носія даних про аномалії. Назва, опис і бали з'являться, коли адміністратор опише її в DataItems.json.","Заготовка носія даних про аномалії. Назва, опис і бали з'являться, коли адміністратор опише її в DataItems.json.","Заготовка носія даних про аномалії. Назва, опис і бали з'являться, коли адміністратор опише її в DataItems.json.","Заготовка носія даних про аномалії. Назва, опис і бали з'являться, коли адміністратор опише її в DataItems.json.","Заготовка носія даних про аномалії. Назва, опис і бали з'являться, коли адміністратор опише її в DataItems.json.","Заготовка носія даних про аномалії. Назва, опис і бали з'являться, коли адміністратор опише її в DataItems.json.","Заготовка носія даних про аномалії. Назва, опис і бали з'являться, коли адміністратор опише її в DataItems.json.","Заготовка носія даних про аномалії. Назва, опис і бали з'являться, коли адміністратор опише її в DataItems.json.","Заготовка носія даних про аномалії. Назва, опис і бали з'являться, коли адміністратор опише її в DataItems.json.","Заготовка носія даних про аномалії. Назва, опис і бали з'являться, коли адміністратор опише її в DataItems.json.","Заготовка носія даних про аномалії. Назва, опис і бали з'являться, коли адміністратор опише її в DataItems.json.","Заготовка носія даних про аномалії. Назва, опис і бали з'являться, коли адміністратор опише її в DataItems.json.",
"str_zp_data_56","Аномальні дані 56 (не налаштовано)","Anomaly data 56 (not configured)","Аномальні дані 56 (не налаштовано)","Аномальні дані 56 (не налаштовано)","Аномальні дані 56 (не налаштовано)","Аномальні дані 56 (не налаштовано)","Аномальні дані 56 (не налаштовано)","Аномальні дані 56 (не налаштовано)","Аномальні дані 56 (не налаштовано)","Аномальні дані 56 (не налаштовано)","Аномальні дані 56 (не налаштовано)","Аномальні дані 56 (не налаштовано)","Аномальні дані 56 (не налаштовано)","Аномальні дані 56 (не налаштовано)",
"str_zp_data_56_desc","Заготовка носія даних про аномалії. Назва, опис і бали з'являться, коли адміністратор опише її в DataItems.json.","A blank carrier of anomaly data. Its name, description and points appear once an administrator defines it in DataItems.json.","Заготовка носія даних про аномалії. Назва, опис і бали з'являться, коли адміністратор опише її в DataItems.json.","Заготовка носія даних про аномалії. Назва, опис і бали з'являться, коли адміністратор опише її в DataItems.json.","Заготовка носія даних про аномалії. Назва, опис і бали з'являться, коли адміністратор опише її в DataItems.json.","Заготовка носія даних про аномалії. Назва, опис і бали з'являться, коли адміністратор опише її в DataItems.json.","Заготовка носія даних про аномалії. Назва, опис і бали з'являться, коли адміністратор опише її в DataItems.json.","Заготовка носія даних про аномалії. Назва, опис і бали з'являться, коли адміністратор опише її в DataItems.json.","Заготовка носія даних про аномалії. Назва, опис і бали з'являться, коли адміністратор опише її в DataItems.json.","Заготовка носія даних про аномалії. Назва, опис і бали з'являться, коли адміністратор опише її в DataItems.json.","Заготовка носія даних про аномалії. Назва, опис і бали з'являться, коли адміністратор опише її в DataItems.json.","Заготовка носія даних про аномалії. Назва, опис і бали з'являться, коли адміністратор опише її в DataItems.json.","Заготовка носія даних про аномалії. Назва, опис і бали з'являться, коли адміністратор опише її в DataItems.json.","Заготовка носія даних про аномалії. Назва, опис і бали з'являться, коли адміністратор опише її в DataItems.json.",
"str_zp_data_57","Аномальні дані 57 (не налаштовано)","Anomaly data 57 (not configured)","Аномальні дані 57 (не налаштовано)","Аномальні дані 57 (не налаштовано)","Аномальні дані 57 (не налаштовано)","Аномальні дані 57 (не налаштовано)","Аномальні дані 57 (не налаштовано)","Аномальні дані 57 (не налаштовано)","Аномальні дані 57 (не налаштовано)","Аномальні дані 57 (не налаштовано)","Аномальні дані 57 (не налаштовано)","Аномальні дані 57 (не налаштовано)","Аномальні дані 57 (не налаштовано)","Аномальні дані 57 (не налаштовано)",
"str_zp_data_57_desc","Заготовка носія даних про аномалії. Назва, опис і бали з'являться, коли адміністратор опише її в DataItems.json.","A blank carrier of anomaly data. Its name, description and points appear once an administrator defines it in DataItems.json.","Заготовка носія даних про аномалії. Назва, опис і бали з'являться, коли адміністратор опише її в DataItems.json.","Заготовка носія даних про аномалії. Назва, опис і бали з'являться, коли адміністратор опише її в DataItems.json.","Заготовка носія даних про аномалії. Назва, опис і бали з'являться, коли адміністратор опише її в DataItems.json.","Заготовка носія даних про аномалії. Назва, опис і бали з'являться, коли адміністратор опише її в DataItems.json.","Заготовка носія даних про аномалії. Назва, опис і бали з'являться, коли адміністратор опише її в DataItems.json.","Заготовка носія даних про аномалії. Назва, опис і бали з'являться, коли адміністратор опише її в DataItems.json.","Заготовка носія даних про аномалії. Назва, опис і бали з'являться, коли адміністратор опише її в DataItems.json.","Заготовка носія даних про аномалії. Назва, опис і бали з'являться, коли адміністратор опише її в DataItems.json.","Заготовка носія даних про аномалії. Назва, опис і бали з'являться, коли адміністратор опише її в DataItems.json.","Заготовка носія даних про аномалії. Назва, опис і бали з'являться, коли адміністратор опише її в DataItems.json.","Заготовка носія даних про аномалії. Назва, опис і бали з'являться, коли адміністратор опише її в DataItems.json.","Заготовка носія даних про аномалії. Назва, опис і бали з'являться, коли адміністратор опише її в DataItems.json.",
"str_zp_data_58","Аномальні дані 58 (не налаштовано)","Anomaly data 58 (not configured)","Аномальні дані 58 (не налаштовано)","Аномальні дані 58 (не налаштовано)","Аномальні дані 58 (не налаштовано)","Аномальні дані 58 (не налаштовано)","Аномальні дані 58 (не налаштовано)","Аномальні дані 58 (не налаштовано)","Аномальні дані 58 (не налаштовано)","Аномальні дані 58 (не налаштовано)","Аномальні дані 58 (не налаштовано)","Аномальні дані 58 (не налаштовано)","Аномальні дані 58 (не налаштовано)","Аномальні дані 58 (не налаштовано)",
"str_zp_data_58_desc","Заготовка носія даних про аномалії. Назва, опис і бали з'являться, коли адміністратор опише її в DataItems.json.","A blank carrier of anomaly data. Its name, description and points appear once an administrator defines it in DataItems.json.","Заготовка носія даних про аномалії. Назва, опис і бали з'являться, коли адміністратор опише її в DataItems.json.","Заготовка носія даних про аномалії. Назва, опис і бали з'являться, коли адміністратор опише її в DataItems.json.","Заготовка носія даних про аномалії. Назва, опис і бали з'являться, коли адміністратор опише її в DataItems.json.","Заготовка носія даних про аномалії. Назва, опис і бали з'являться, коли адміністратор опише її в DataItems.json.","Заготовка носія даних про аномалії. Назва, опис і бали з'являться, коли адміністратор опише її в DataItems.json.","Заготовка носія даних про аномалії. Назва, опис і бали з'являться, коли адміністратор опише її в DataItems.json.","Заготовка носія даних про аномалії. Назва, опис і бали з'являться, коли адміністратор опише її в DataItems.json.","Заготовка носія даних про аномалії. Назва, опис і бали з'являться, коли адміністратор опише її в DataItems.json.","Заготовка носія даних про аномалії. Назва, опис і бали з'являться, коли адміністратор опише її в DataItems.json.","Заготовка носія даних про аномалії. Назва, опис і бали з'являться, коли адміністратор опише її в DataItems.json.","Заготовка носія даних про аномалії. Назва, опис і бали з'являться, коли адміністратор опише її в DataItems.json.","Заготовка носія даних про аномалії. Назва, опис і бали з'являться, коли адміністратор опише її в DataItems.json.",
"str_zp_data_59","Аномальні дані 59 (не налаштовано)","Anomaly data 59 (not configured)","Аномальні дані 59 (не налаштовано)","Аномальні дані 59 (не налаштовано)","Аномальні дані 59 (не налаштовано)","Аномальні дані 59 (не налаштовано)","Аномальні дані 59 (не налаштовано)","Аномальні дані 59 (не налаштовано)","Аномальні дані 59 (не налаштовано)","Аномальні дані 59 (не налаштовано)","Аномальні дані 59 (не налаштовано)","Аномальні дані 59 (не налаштовано)","Аномальні дані 59 (не налаштовано)","Аномальні дані 59 (не налаштовано)",
"str_zp_data_59_desc","Заготовка носія даних про аномалії. Назва, опис і бали з'являться, коли адміністратор опише її в DataItems.json.","A blank carrier of anomaly data. Its name, description and points appear once an administrator defines it in DataItems.json.","Заготовка носія даних про аномалії. Назва, опис і бали з'являться, коли адміністратор опише її в DataItems.json.","Заготовка носія даних про аномалії. Назва, опис і бали з'являться, коли адміністратор опише її в DataItems.json.","Заготовка носія даних про аномалії. Назва, опис і бали з'являться, коли адміністратор опише її в DataItems.json.","Заготовка носія даних про аномалії. Назва, опис і бали з'являться, коли адміністратор опише її в DataItems.json.","Заготовка носія даних про аномалії. Назва, опис і бали з'являться, коли адміністратор опише її в DataItems.json.","Заготовка носія даних про аномалії. Назва, опис і бали з'являться, коли адміністратор опише її в DataItems.json.","Заготовка носія даних про аномалії. Назва, опис і бали з'являться, коли адміністратор опише її в DataItems.json.","Заготовка носія даних про аномалії. Назва, опис і бали з'являться, коли адміністратор опише її в DataItems.json.","Заготовка носія даних про аномалії. Назва, опис і бали з'являться, коли адміністратор опише її в DataItems.json.","Заготовка носія даних про аномалії. Назва, опис і бали з'являться, коли адміністратор опише її в DataItems.json.","Заготовка носія даних про аномалії. Назва, опис і бали з'являться, коли адміністратор опише її в DataItems.json.","Заготовка носія даних про аномалії. Назва, опис і бали з'являться, коли адміністратор опише її в DataItems.json.",
"str_zp_data_60","Аномальні дані 60 (не налаштовано)","Anomaly data 60 (not configured)","Аномальні дані 60 (не налаштовано)","Аномальні дані 60 (не налаштовано)","Аномальні дані 60 (не налаштовано)","Аномальні дані 60 (не налаштовано)","Аномальні дані 60 (не налаштовано)","Аномальні дані 60 (не налаштовано)","Аномальні дані 60 (не налаштовано)","Аномальні дані 60 (не налаштовано)","Аномальні дані 60 (не налаштовано)","Аномальні дані 60 (не налаштовано)","Аномальні дані 60 (не налаштовано)","Аномальні дані 60 (не налаштовано)",
"str_zp_data_60_desc","Заготовка носія даних про аномалії. Назва, опис і бали з'являться, коли адміністратор опише її в DataItems.json.","A blank carrier of anomaly data. Its name, description and points appear once an administrator defines it in DataItems.json.","Заготовка носія даних про аномалії. Назва, опис і бали з'являться, коли адміністратор опише її в DataItems.json.","Заготовка носія даних про аномалії. Назва, опис і бали з'являться, коли адміністратор опише її в DataItems.json.","Заготовка носія даних про аномалії. Назва, опис і бали з'являться, коли адміністратор опише її в DataItems.json.","Заготовка носія даних про аномалії. Назва, опис і бали з'являться, коли адміністратор опише її в DataItems.json.","Заготовка носія даних про аномалії. Назва, опис і бали з'являться, коли адміністратор опише її в DataItems.json.","Заготовка носія даних про аномалії. Назва, опис і бали з'являться, коли адміністратор опише її в DataItems.json.","Заготовка носія даних про аномалії. Назва, опис і бали з'являться, коли адміністратор опише її в DataItems.json.","Заготовка носія даних про аномалії. Назва, опис і бали з'являться, коли адміністратор опише її в DataItems.json.","Заготовка носія даних про аномалії. Назва, опис і бали з'являться, коли адміністратор опише її в DataItems.json.","Заготовка носія даних про аномалії. Назва, опис і бали з'являться, коли адміністратор опише її в DataItems.json.","Заготовка носія даних про аномалії. Назва, опис і бали з'являться, коли адміністратор опише її в DataItems.json.","Заготовка носія даних про аномалії. Назва, опис і бали з'являться, коли адміністратор опише її в DataItems.json.",
"str_zp_data_61","Технічні дані 61 (не налаштовано)","Technical data 61 (not configured)","Технічні дані 61 (не налаштовано)","Технічні дані 61 (не налаштовано)","Технічні дані 61 (не налаштовано)","Технічні дані 61 (не налаштовано)","Технічні дані 61 (не налаштовано)","Технічні дані 61 (не налаштовано)","Технічні дані 61 (не налаштовано)","Технічні дані 61 (не налаштовано)","Технічні дані 61 (не налаштовано)","Технічні дані 61 (не налаштовано)","Технічні дані 61 (не налаштовано)","Технічні дані 61 (не налаштовано)",
"str_zp_data_61_desc","Заготовка носія технічних даних. Назва, опис і бали з'являться, коли адміністратор опише її в DataItems.json.","A blank carrier of technical data. Its name, description and points appear once an administrator defines it in DataItems.json.","Заготовка носія технічних даних. Назва, опис і бали з'являться, коли адміністратор опише її в DataItems.json.","Заготовка носія технічних даних. Назва, опис і бали з'являться, коли адміністратор опише її в DataItems.json.","Заготовка носія технічних даних. Назва, опис і бали з'являться, коли адміністратор опише її в DataItems.json.","Заготовка носія технічних даних. Назва, опис і бали з'являться, коли адміністратор опише її в DataItems.json.","Заготовка носія технічних даних. Назва, опис і бали з'являться, коли адміністратор опише її в DataItems.json.","Заготовка носія технічних даних. Назва, опис і бали з'являться, коли адміністратор опише її в DataItems.json.","Заготовка носія технічних даних. Назва, опис і бали з'являться, коли адміністратор опише її в DataItems.json.","Заготовка носія технічних даних. Назва, опис і бали з'являться, коли адміністратор опише її в DataItems.json.","Заготовка носія технічних даних. Назва, опис і бали з'являться, коли адміністратор опише її в DataItems.json.","Заготовка носія технічних даних. Назва, опис і бали з'являться, коли адміністратор опише її в DataItems.json.","Заготовка носія технічних даних. Назва, опис і бали з'являться, коли адміністратор опише її в DataItems.json.","Заготовка носія технічних даних. Назва, опис і бали з'являться, коли адміністратор опише її в DataItems.json.",
"str_zp_data_62","Технічні дані 62 (не налаштовано)","Technical data 62 (not configured)","Технічні дані 62 (не налаштовано)","Технічні дані 62 (не налаштовано)","Технічні дані 62 (не налаштовано)","Технічні дані 62 (не налаштовано)","Технічні дані 62 (не налаштовано)","Технічні дані 62 (не налаштовано)","Технічні дані 62 (не налаштовано)","Технічні дані 62 (не налаштовано)","Технічні дані 62 (не налаштовано)","Технічні дані 62 (не налаштовано)","Технічні дані 62 (не налаштовано)","Технічні дані 62 (не налаштовано)",
"str_zp_data_62_desc","Заготовка носія технічних даних. Назва, опис і бали з'являться, коли адміністратор опише її в DataItems.json.","A blank carrier of technical data. Its name, description and points appear once an administrator defines it in DataItems.json.","Заготовка носія технічних даних. Назва, опис і бали з'являться, коли адміністратор опише її в DataItems.json.","Заготовка носія технічних даних. Назва, опис і бали з'являться, коли адміністратор опише її в DataItems.json.","Заготовка носія технічних даних. Назва, опис і бали з'являться, коли адміністратор опише її в DataItems.json.","Заготовка носія технічних даних. Назва, опис і бали з'являться, коли адміністратор опише її в DataItems.json.","Заготовка носія технічних даних. Назва, опис і бали з'являться, коли адміністратор опише її в DataItems.json.","Заготовка носія технічних даних. Назва, опис і бали з'являться, коли адміністратор опише її в DataItems.json.","Заготовка носія технічних даних. Назва, опис і бали з'являться, коли адміністратор опише її в DataItems.json.","Заготовка носія технічних даних. Назва, опис і бали з'являться, коли адміністратор опише її в DataItems.json.","Заготовка носія технічних даних. Назва, опис і бали з'являться, коли адміністратор опише її в DataItems.json.","Заготовка носія технічних даних. Назва, опис і бали з'являться, коли адміністратор опише її в DataItems.json.","Заготовка носія технічних даних. Назва, опис і бали з'являться, коли адміністратор опише її в DataItems.json.","Заготовка носія технічних даних. Назва, опис і бали з'являться, коли адміністратор опише її в DataItems.json.",
"str_zp_data_63","Технічні дані 63 (не налаштовано)","Technical data 63 (not configured)","Технічні дані 63 (не налаштовано)","Технічні дані 63 (не налаштовано)","Технічні дані 63 (не налаштовано)","Технічні дані 63 (не налаштовано)","Технічні дані 63 (не налаштовано)","Технічні дані 63 (не налаштовано)","Технічні дані 63 (не налаштовано)","Технічні дані 63 (не налаштовано)","Технічні дані 63 (не налаштовано)","Технічні дані 63 (не налаштовано)","Технічні дані 63 (не налаштовано)","Технічні дані 63 (не налаштовано)",
"str_zp_data_63_desc","Заготовка носія технічних даних. Назва, опис і бали з'являться, коли адміністратор опише її в DataItems.json.","A blank carrier of technical data. Its name, description and points appear once an administrator defines it in DataItems.json.","Заготовка носія технічних даних. Назва, опис і бали з'являться, коли адміністратор опише її в DataItems.json.","Заготовка носія технічних даних. Назва, опис і бали з'являться, коли адміністратор опише її в DataItems.json.","Заготовка носія технічних даних. Назва, опис і бали з'являться, коли адміністратор опише її в DataItems.json.","Заготовка носія технічних даних. Назва, опис і бали з'являться, коли адміністратор опише її в DataItems.json.","Заготовка носія технічних даних. Назва, опис і бали з'являться, коли адміністратор опише її в DataItems.json.","Заготовка носія технічних даних. Назва, опис і бали з'являться, коли адміністратор опише її в DataItems.json.","Заготовка носія технічних даних. Назва, опис і бали з'являться, коли адміністратор опише її в DataItems.json.","Заготовка носія технічних даних. Назва, опис і бали з'являться, коли адміністратор опише її в DataItems.json.","Заготовка носія технічних даних. Назва, опис і бали з'являться, коли адміністратор опише її в DataItems.json.","Заготовка носія технічних даних. Назва, опис і бали з'являться, коли адміністратор опише її в DataItems.json.","Заготовка носія технічних даних. Назва, опис і бали з'являться, коли адміністратор опише її в DataItems.json.","Заготовка носія технічних даних. Назва, опис і бали з'являться, коли адміністратор опише її в DataItems.json.",
"str_zp_data_64","Технічні дані 64 (не налаштовано)","Technical data 64 (not configured)","Технічні дані 64 (не налаштовано)","Технічні дані 64 (не налаштовано)","Технічні дані 64 (не налаштовано)","Технічні дані 64 (не налаштовано)","Технічні дані 64 (не налаштовано)","Технічні дані 64 (не налаштовано)","Технічні дані 64 (не налаштовано)","Технічні дані 64 (не налаштовано)","Технічні дані 64 (не налаштовано)","Технічні дані 64 (не налаштовано)","Технічні дані 64 (не налаштовано)","Технічні дані 64 (не налаштовано)",
"str_zp_data_64_desc","Заготовка носія технічних даних. Назва, опис і бали з'являться, коли адміністратор опише її в DataItems.json.","A blank carrier of technical data. Its name, description and points appear once an administrator defines it in DataItems.json.","Заготовка носія технічних даних. Назва, опис і бали з'являться, коли адміністратор опише її в DataItems.json.","Заготовка носія технічних даних. Назва, опис і бали з'являться, коли адміністратор опише її в DataItems.json.","Заготовка носія технічних даних. Назва, опис і бали з'являться, коли адміністратор опише її в DataItems.json.","Заготовка носія технічних даних. Назва, опис і бали з'являться, коли адміністратор опише її в DataItems.json.","Заготовка носія технічних даних. Назва, опис і бали з'являться, коли адміністратор опише її в DataItems.json.","Заготовка носія технічних даних. Назва, опис і бали з'являться, коли адміністратор опише її в DataItems.json.","Заготовка носія технічних даних. Назва, опис і бали з'являться, коли адміністратор опише її в DataItems.json.","Заготовка носія технічних даних. Назва, опис і бали з'являться, коли адміністратор опише її в DataItems.json.","Заготовка носія технічних даних. Назва, опис і бали з'являться, коли адміністратор опише її в DataItems.json.","Заготовка носія технічних даних. Назва, опис і бали з'являться, коли адміністратор опише її в DataItems.json.","Заготовка носія технічних даних. Назва, опис і бали з'являться, коли адміністратор опише її в DataItems.json.","Заготовка носія технічних даних. Назва, опис і бали з'являться, коли адміністратор опише її в DataItems.json.",
"str_zp_data_65","Технічні дані 65 (не налаштовано)","Technical data 65 (not configured)","Технічні дані 65 (не налаштовано)","Технічні дані 65 (не налаштовано)","Технічні дані 65 (не налаштовано)","Технічні дані 65 (не налаштовано)","Технічні дані 65 (не налаштовано)","Технічні дані 65 (не налаштовано)","Технічні дані 65 (не налаштовано)","Технічні дані 65 (не налаштовано)","Технічні дані 65 (не налаштовано)","Технічні дані 65 (не налаштовано)","Технічні дані 65 (не налаштовано)","Технічні дані 65 (не налаштовано)",
"str_zp_data_65_desc","Заготовка носія технічних даних. Назва, опис і бали з'являться, коли адміністратор опише її в DataItems.json.","A blank carrier of technical data. Its name, description and points appear once an administrator defines it in DataItems.json.","Заготовка носія технічних даних. Назва, опис і бали з'являться, коли адміністратор опише її в DataItems.json.","Заготовка носія технічних даних. Назва, опис і бали з'являться, коли адміністратор опише її в DataItems.json.","Заготовка носія технічних даних. Назва, опис і бали з'являться, коли адміністратор опише її в DataItems.json.","Заготовка носія технічних даних. Назва, опис і бали з'являться, коли адміністратор опише її в DataItems.json.","Заготовка носія технічних даних. Назва, опис і бали з'являться, коли адміністратор опише її в DataItems.json.","Заготовка носія технічних даних. Назва, опис і бали з'являться, коли адміністратор опише її в DataItems.json.","Заготовка носія технічних даних. Назва, опис і бали з'являться, коли адміністратор опише її в DataItems.json.","Заготовка носія технічних даних. Назва, опис і бали з'являться, коли адміністратор опише її в DataItems.json.","Заготовка носія технічних даних. Назва, опис і бали з'являться, коли адміністратор опише її в DataItems.json.","Заготовка носія технічних даних. Назва, опис і бали з'являться, коли адміністратор опише її в DataItems.json.","Заготовка носія технічних даних. Назва, опис і бали з'являться, коли адміністратор опише її в DataItems.json.","Заготовка носія технічних даних. Назва, опис і бали з'являться, коли адміністратор опише її в DataItems.json.",
"str_zp_data_66","Технічні дані 66 (не налаштовано)","Technical data 66 (not configured)","Технічні дані 66 (не налаштовано)","Технічні дані 66 (не налаштовано)","Технічні дані 66 (не налаштовано)","Технічні дані 66 (не налаштовано)","Технічні дані 66 (не налаштовано)","Технічні дані 66 (не налаштовано)","Технічні дані 66 (не налаштовано)","Технічні дані 66 (не налаштовано)","Технічні дані 66 (не налаштовано)","Технічні дані 66 (не налаштовано)","Технічні дані 66 (не налаштовано)","Технічні дані 66 (не налаштовано)",
"str_zp_data_66_desc","Заготовка носія технічних даних. Назва, опис і бали з'являться, коли адміністратор опише її в DataItems.json.","A blank carrier of technical data. Its name, description and points appear once an administrator defines it in DataItems.json.","Заготовка носія технічних даних. Назва, опис і бали з'являться, коли адміністратор опише її в DataItems.json.","Заготовка носія технічних даних. Назва, опис і бали з'являться, коли адміністратор опише її в DataItems.json.","Заготовка носія технічних даних. Назва, опис і бали з'являться, коли адміністратор опише її в DataItems.json.","Заготовка носія технічних даних. Назва, опис і бали з'являться, коли адміністратор опише її в DataItems.json.","Заготовка носія технічних даних. Назва, опис і бали з'являться, коли адміністратор опише її в DataItems.json.","Заготовка носія технічних даних. Назва, опис і бали з'являться, коли адміністратор опише її в DataItems.json.","Заготовка носія технічних даних. Назва, опис і бали з'являться, коли адміністратор опише її в DataItems.json.","Заготовка носія технічних даних. Назва, опис і бали з'являться, коли адміністратор опише її в DataItems.json.","Заготовка носія технічних даних. Назва, опис і бали з'являться, коли адміністратор опише її в DataItems.json.","Заготовка носія технічних даних. Назва, опис і бали з'являться, коли адміністратор опише її в DataItems.json.","Заготовка носія технічних даних. Назва, опис і бали з'являться, коли адміністратор опише її в DataItems.json.","Заготовка носія технічних даних. Назва, опис і бали з'являться, коли адміністратор опише її в DataItems.json.",
"str_zp_data_67","Технічні дані 67 (не налаштовано)","Technical data 67 (not configured)","Технічні дані 67 (не налаштовано)","Технічні дані 67 (не налаштовано)","Технічні дані 67 (не налаштовано)","Технічні дані 67 (не налаштовано)","Технічні дані 67 (не налаштовано)","Технічні дані 67 (не налаштовано)","Технічні дані 67 (не налаштовано)","Технічні дані 67 (не налаштовано)","Технічні дані 67 (не налаштовано)","Технічні дані 67 (не налаштовано)","Технічні дані 67 (не налаштовано)","Технічні дані 67 (не налаштовано)",
"str_zp_data_67_desc","Заготовка носія технічних даних. Назва, опис і бали з'являться, коли адміністратор опише її в DataItems.json.","A blank carrier of technical data. Its name, description and points appear once an administrator defines it in DataItems.json.","Заготовка носія технічних даних. Назва, опис і бали з'являться, коли адміністратор опише її в DataItems.json.","Заготовка носія технічних даних. Назва, опис і бали з'являться, коли адміністратор опише її в DataItems.json.","Заготовка носія технічних даних. Назва, опис і бали з'являться, коли адміністратор опише її в DataItems.json.","Заготовка носія технічних даних. Назва, опис і бали з'являться, коли адміністратор опише її в DataItems.json.","Заготовка носія технічних даних. Назва, опис і бали з'являться, коли адміністратор опише її в DataItems.json.","Заготовка носія технічних даних. Назва, опис і бали з'являться, коли адміністратор опише її в DataItems.json.","Заготовка носія технічних даних. Назва, опис і бали з'являться, коли адміністратор опише її в DataItems.json.","Заготовка носія технічних даних. Назва, опис і бали з'являться, коли адміністратор опише її в DataItems.json.","Заготовка носія технічних даних. Назва, опис і бали з'являться, коли адміністратор опише її в DataItems.json.","Заготовка носія технічних даних. Назва, опис і бали з'являться, коли адміністратор опише її в DataItems.json.","Заготовка носія технічних даних. Назва, опис і бали з'являться, коли адміністратор опише її в DataItems.json.","Заготовка носія технічних даних. Назва, опис і бали з'являться, коли адміністратор опише її в DataItems.json.",
"str_zp_data_68","Технічні дані 68 (не налаштовано)","Technical data 68 (not configured)","Технічні дані 68 (не налаштовано)","Технічні дані 68 (не налаштовано)","Технічні дані 68 (не налаштовано)","Технічні дані 68 (не налаштовано)","Технічні дані 68 (не налаштовано)","Технічні дані 68 (не налаштовано)","Технічні дані 68 (не налаштовано)","Технічні дані 68 (не налаштовано)","Технічні дані 68 (не налаштовано)","Технічні дані 68 (не налаштовано)","Технічні дані 68 (не налаштовано)","Технічні дані 68 (не налаштовано)",
"str_zp_data_68_desc","Заготовка носія технічних даних. Назва, опис і бали з'являться, коли адміністратор опише її в DataItems.json.","A blank carrier of technical data. Its name, description and points appear once an administrator defines it in DataItems.json.","Заготовка носія технічних даних. Назва, опис і бали з'являться, коли адміністратор опише її в DataItems.json.","Заготовка носія технічних даних. Назва, опис і бали з'являться, коли адміністратор опише її в DataItems.json.","Заготовка носія технічних даних. Назва, опис і бали з'являться, коли адміністратор опише її в DataItems.json.","Заготовка носія технічних даних. Назва, опис і бали з'являться, коли адміністратор опише її в DataItems.json.","Заготовка носія технічних даних. Назва, опис і бали з'являться, коли адміністратор опише її в DataItems.json.","Заготовка носія технічних даних. Назва, опис і бали з'являться, коли адміністратор опише її в DataItems.json.","Заготовка носія технічних даних. Назва, опис і бали з'являться, коли адміністратор опише її в DataItems.json.","Заготовка носія технічних даних. Назва, опис і бали з'являться, коли адміністратор опише її в DataItems.json.","Заготовка носія технічних даних. Назва, опис і бали з'являться, коли адміністратор опише її в DataItems.json.","Заготовка носія технічних даних. Назва, опис і бали з'являться, коли адміністратор опише її в DataItems.json.","Заготовка носія технічних даних. Назва, опис і бали з'являться, коли адміністратор опише її в DataItems.json.","Заготовка носія технічних даних. Назва, опис і бали з'являться, коли адміністратор опише її в DataItems.json.",
"str_zp_data_69","Технічні дані 69 (не налаштовано)","Technical data 69 (not configured)","Технічні дані 69 (не налаштовано)","Технічні дані 69 (не налаштовано)","Технічні дані 69 (не налаштовано)","Технічні дані 69 (не налаштовано)","Технічні дані 69 (не налаштовано)","Технічні дані 69 (не налаштовано)","Технічні дані 69 (не налаштовано)","Технічні дані 69 (не налаштовано)","Технічні дані 69 (не налаштовано)","Технічні дані 69 (не налаштовано)","Технічні дані 69 (не налаштовано)","Технічні дані 69 (не налаштовано)",
"str_zp_data_69_desc","Заготовка носія технічних даних. Назва, опис і бали з'являться, коли адміністратор опише її в DataItems.json.","A blank carrier of technical data. Its name, description and points appear once an administrator defines it in DataItems.json.","Заготовка носія технічних даних. Назва, опис і бали з'являться, коли адміністратор опише її в DataItems.json.","Заготовка носія технічних даних. Назва, опис і бали з'являться, коли адміністратор опише її в DataItems.json.","Заготовка носія технічних даних. Назва, опис і бали з'являться, коли адміністратор опише її в DataItems.json.","Заготовка носія технічних даних. Назва, опис і бали з'являться, коли адміністратор опише її в DataItems.json.","Заготовка носія технічних даних. Назва, опис і бали з'являться, коли адміністратор опише її в DataItems.json.","Заготовка носія технічних даних. Назва, опис і бали з'являться, коли адміністратор опише її в DataItems.json.","Заготовка носія технічних даних. Назва, опис і бали з'являться, коли адміністратор опише її в DataItems.json.","Заготовка носія технічних даних. Назва, опис і бали з'являться, коли адміністратор опише її в DataItems.json.","Заготовка носія технічних даних. Назва, опис і бали з'являться, коли адміністратор опише її в DataItems.json.","Заготовка носія технічних даних. Назва, опис і бали з'являться, коли адміністратор опише її в DataItems.json.","Заготовка носія технічних даних. Назва, опис і бали з'являться, коли адміністратор опише її в DataItems.json.","Заготовка носія технічних даних. Назва, опис і бали з'являться, коли адміністратор опише її в DataItems.json.",
"str_zp_data_70","Технічні дані 70 (не налаштовано)","Technical data 70 (not configured)","Технічні дані 70 (не налаштовано)","Технічні дані 70 (не налаштовано)","Технічні дані 70 (не налаштовано)","Технічні дані 70 (не налаштовано)","Технічні дані 70 (не налаштовано)","Технічні дані 70 (не налаштовано)","Технічні дані 70 (не налаштовано)","Технічні дані 70 (не налаштовано)","Технічні дані 70 (не налаштовано)","Технічні дані 70 (не налаштовано)","Технічні дані 70 (не налаштовано)","Технічні дані 70 (не налаштовано)",
"str_zp_data_70_desc","Заготовка носія технічних даних. Назва, опис і бали з'являться, коли адміністратор опише її в DataItems.json.","A blank carrier of technical data. Its name, description and points appear once an administrator defines it in DataItems.json.","Заготовка носія технічних даних. Назва, опис і бали з'являться, коли адміністратор опише її в DataItems.json.","Заготовка носія технічних даних. Назва, опис і бали з'являться, коли адміністратор опише її в DataItems.json.","Заготовка носія технічних даних. Назва, опис і бали з'являться, коли адміністратор опише її в DataItems.json.","Заготовка носія технічних даних. Назва, опис і бали з'являться, коли адміністратор опише її в DataItems.json.","Заготовка носія технічних даних. Назва, опис і бали з'являться, коли адміністратор опише її в DataItems.json.","Заготовка носія технічних даних. Назва, опис і бали з'являться, коли адміністратор опише її в DataItems.json.","Заготовка носія технічних даних. Назва, опис і бали з'являться, коли адміністратор опише її в DataItems.json.","Заготовка носія технічних даних. Назва, опис і бали з'являться, коли адміністратор опише її в DataItems.json.","Заготовка носія технічних даних. Назва, опис і бали з'являться, коли адміністратор опише її в DataItems.json.","Заготовка носія технічних даних. Назва, опис і бали з'являться, коли адміністратор опише її в DataItems.json.","Заготовка носія технічних даних. Назва, опис і бали з'являться, коли адміністратор опише її в DataItems.json.","Заготовка носія технічних даних. Назва, опис і бали з'являться, коли адміністратор опише її в DataItems.json.",
"str_zp_data_71","Технічні дані 71 (не налаштовано)","Technical data 71 (not configured)","Технічні дані 71 (не налаштовано)","Технічні дані 71 (не налаштовано)","Технічні дані 71 (не налаштовано)","Технічні дані 71 (не налаштовано)","Технічні дані 71 (не налаштовано)","Технічні дані 71 (не налаштовано)","Технічні дані 71 (не налаштовано)","Технічні дані 71 (не налаштовано)","Технічні дані 71 (не налаштовано)","Технічні дані 71 (не налаштовано)","Технічні дані 71 (не налаштовано)","Технічні дані 71 (не налаштовано)",
"str_zp_data_71_desc","Заготовка носія технічних даних. Назва, опис і бали з'являться, коли адміністратор опише її в DataItems.json.","A blank carrier of technical data. Its name, description and points appear once an administrator defines it in DataItems.json.","Заготовка носія технічних даних. Назва, опис і бали з'являться, коли адміністратор опише її в DataItems.json.","Заготовка носія технічних даних. Назва, опис і бали з'являться, коли адміністратор опише її в DataItems.json.","Заготовка носія технічних даних. Назва, опис і бали з'являться, коли адміністратор опише її в DataItems.json.","Заготовка носія технічних даних. Назва, опис і бали з'являться, коли адміністратор опише її в DataItems.json.","Заготовка носія технічних даних. Назва, опис і бали з'являться, коли адміністратор опише її в DataItems.json.","Заготовка носія технічних даних. Назва, опис і бали з'являться, коли адміністратор опише її в DataItems.json.","Заготовка носія технічних даних. Назва, опис і бали з'являться, коли адміністратор опише її в DataItems.json.","Заготовка носія технічних даних. Назва, опис і бали з'являться, коли адміністратор опише її в DataItems.json.","Заготовка носія технічних даних. Назва, опис і бали з'являться, коли адміністратор опише її в DataItems.json.","Заготовка носія технічних даних. Назва, опис і бали з'являться, коли адміністратор опише її в DataItems.json.","Заготовка носія технічних даних. Назва, опис і бали з'являться, коли адміністратор опише її в DataItems.json.","Заготовка носія технічних даних. Назва, опис і бали з'являться, коли адміністратор опише її в DataItems.json.",
"str_zp_data_72","Технічні дані 72 (не налаштовано)","Technical data 72 (not configured)","Технічні дані 72 (не налаштовано)","Технічні дані 72 (не налаштовано)","Технічні дані 72 (не налаштовано)","Технічні дані 72 (не налаштовано)","Технічні дані 72 (не налаштовано)","Технічні дані 72 (не налаштовано)","Технічні дані 72 (не налаштовано)","Технічні дані 72 (не налаштовано)","Технічні дані 72 (не налаштовано)","Технічні дані 72 (не налаштовано)","Технічні дані 72 (не налаштовано)","Технічні дані 72 (не налаштовано)",
"str_zp_data_72_desc","Заготовка носія технічних даних. Назва, опис і бали з'являться, коли адміністратор опише її в DataItems.json.","A blank carrier of technical data. Its name, description and points appear once an administrator defines it in DataItems.json.","Заготовка носія технічних даних. Назва, опис і бали з'являться, коли адміністратор опише її в DataItems.json.","Заготовка носія технічних даних. Назва, опис і бали з'являться, коли адміністратор опише її в DataItems.json.","Заготовка носія технічних даних. Назва, опис і бали з'являться, коли адміністратор опише її в DataItems.json.","Заготовка носія технічних даних. Назва, опис і бали з'являться, коли адміністратор опише її в DataItems.json.","Заготовка носія технічних даних. Назва, опис і бали з'являться, коли адміністратор опише її в DataItems.json.","Заготовка носія технічних даних. Назва, опис і бали з'являться, коли адміністратор опише її в DataItems.json.","Заготовка носія технічних даних. Назва, опис і бали з'являться, коли адміністратор опише її в DataItems.json.","Заготовка носія технічних даних. Назва, опис і бали з'являться, коли адміністратор опише її в DataItems.json.","Заготовка носія технічних даних. Назва, опис і бали з'являться, коли адміністратор опише її в DataItems.json.","Заготовка носія технічних даних. Назва, опис і бали з'являться, коли адміністратор опише її в DataItems.json.","Заготовка носія технічних даних. Назва, опис і бали з'являться, коли адміністратор опише її в DataItems.json.","Заготовка носія технічних даних. Назва, опис і бали з'являться, коли адміністратор опише її в DataItems.json.",
"str_zp_data_73","Технічні дані 73 (не налаштовано)","Technical data 73 (not configured)","Технічні дані 73 (не налаштовано)","Технічні дані 73 (не налаштовано)","Технічні дані 73 (не налаштовано)","Технічні дані 73 (не налаштовано)","Технічні дані 73 (не налаштовано)","Технічні дані 73 (не налаштовано)","Технічні дані 73 (не налаштовано)","Технічні дані 73 (не налаштовано)","Технічні дані 73 (не налаштовано)","Технічні дані 73 (не налаштовано)","Технічні дані 73 (не налаштовано)","Технічні дані 73 (не налаштовано)",
"str_zp_data_73_desc","Заготовка носія технічних даних. Назва, опис і бали з'являться, коли адміністратор опише її в DataItems.json.","A blank carrier of technical data. Its name, description and points appear once an administrator defines it in DataItems.json.","Заготовка носія технічних даних. Назва, опис і бали з'являться, коли адміністратор опише її в DataItems.json.","Заготовка носія технічних даних. Назва, опис і бали з'являться, коли адміністратор опише її в DataItems.json.","Заготовка носія технічних даних. Назва, опис і бали з'являться, коли адміністратор опише її в DataItems.json.","Заготовка носія технічних даних. Назва, опис і бали з'являться, коли адміністратор опише її в DataItems.json.","Заготовка носія технічних даних. Назва, опис і бали з'являться, коли адміністратор опише її в DataItems.json.","Заготовка носія технічних даних. Назва, опис і бали з'являться, коли адміністратор опише її в DataItems.json.","Заготовка носія технічних даних. Назва, опис і бали з'являться, коли адміністратор опише її в DataItems.json.","Заготовка носія технічних даних. Назва, опис і бали з'являться, коли адміністратор опише її в DataItems.json.","Заготовка носія технічних даних. Назва, опис і бали з'являться, коли адміністратор опише її в DataItems.json.","Заготовка носія технічних даних. Назва, опис і бали з'являться, коли адміністратор опише її в DataItems.json.","Заготовка носія технічних даних. Назва, опис і бали з'являться, коли адміністратор опише її в DataItems.json.","Заготовка носія технічних даних. Назва, опис і бали з'являться, коли адміністратор опише її в DataItems.json.",
"str_zp_data_74","Технічні дані 74 (не налаштовано)","Technical data 74 (not configured)","Технічні дані 74 (не налаштовано)","Технічні дані 74 (не налаштовано)","Технічні дані 74 (не налаштовано)","Технічні дані 74 (не налаштовано)","Технічні дані 74 (не налаштовано)","Технічні дані 74 (не налаштовано)","Технічні дані 74 (не налаштовано)","Технічні дані 74 (не налаштовано)","Технічні дані 74 (не налаштовано)","Технічні дані 74 (не налаштовано)","Технічні дані 74 (не налаштовано)","Технічні дані 74 (не налаштовано)",
"str_zp_data_74_desc","Заготовка носія технічних даних. Назва, опис і бали з'являться, коли адміністратор опише її в DataItems.json.","A blank carrier of technical data. Its name, description and points appear once an administrator defines it in DataItems.json.","Заготовка носія технічних даних. Назва, опис і бали з'являться, коли адміністратор опише її в DataItems.json.","Заготовка носія технічних даних. Назва, опис і бали з'являться, коли адміністратор опише її в DataItems.json.","Заготовка носія технічних даних. Назва, опис і бали з'являться, коли адміністратор опише її в DataItems.json.","Заготовка носія технічних даних. Назва, опис і бали з'являться, коли адміністратор опише її в DataItems.json.","Заготовка носія технічних даних. Назва, опис і бали з'являться, коли адміністратор опише її в DataItems.json.","Заготовка носія технічних даних. Назва, опис і бали з'являться, коли адміністратор опише її в DataItems.json.","Заготовка носія технічних даних. Назва, опис і бали з'являться, коли адміністратор опише її в DataItems.json.","Заготовка носія технічних даних. Назва, опис і бали з'являться, коли адміністратор опише її в DataItems.json.","Заготовка носія технічних даних. Назва, опис і бали з'являться, коли адміністратор опише її в DataItems.json.","Заготовка носія технічних даних. Назва, опис і бали з'являться, коли адміністратор опише її в DataItems.json.","Заготовка носія технічних даних. Назва, опис і бали з'являться, коли адміністратор опише її в DataItems.json.","Заготовка носія технічних даних. Назва, опис і бали з'являться, коли адміністратор опише її в DataItems.json.",
"str_zp_data_75","Технічні дані 75 (не налаштовано)","Technical data 75 (not configured)","Технічні дані 75 (не налаштовано)","Технічні дані 75 (не налаштовано)","Технічні дані 75 (не налаштовано)","Технічні дані 75 (не налаштовано)","Технічні дані 75 (не налаштовано)","Технічні дані 75 (не налаштовано)","Технічні дані 75 (не налаштовано)","Технічні дані 75 (не налаштовано)","Технічні дані 75 (не налаштовано)","Технічні дані 75 (не налаштовано)","Технічні дані 75 (не налаштовано)","Технічні дані 75 (не налаштовано)",
"str_zp_data_75_desc","Заготовка носія технічних даних. Назва, опис і бали з'являться, коли адміністратор опише її в DataItems.json.","A blank carrier of technical data. Its name, description and points appear once an administrator defines it in DataItems.json.","Заготовка носія технічних даних. Назва, опис і бали з'являться, коли адміністратор опише її в DataItems.json.","Заготовка носія технічних даних. Назва, опис і бали з'являться, коли адміністратор опише її в DataItems.json.","Заготовка носія технічних даних. Назва, опис і бали з'являться, коли адміністратор опише її в DataItems.json.","Заготовка носія технічних даних. Назва, опис і бали з'являться, коли адміністратор опише її в DataItems.json.","Заготовка носія технічних даних. Назва, опис і бали з'являться, коли адміністратор опише її в DataItems.json.","Заготовка носія технічних даних. Назва, опис і бали з'являться, коли адміністратор опише її в DataItems.json.","Заготовка носія технічних даних. Назва, опис і бали з'являться, коли адміністратор опише її в DataItems.json.","Заготовка носія технічних даних. Назва, опис і бали з'являться, коли адміністратор опише її в DataItems.json.","Заготовка носія технічних даних. Назва, опис і бали з'являться, коли адміністратор опише її в DataItems.json.","Заготовка носія технічних даних. Назва, опис і бали з'являться, коли адміністратор опише її в DataItems.json.","Заготовка носія технічних даних. Назва, опис і бали з'являться, коли адміністратор опише її в DataItems.json.","Заготовка носія технічних даних. Назва, опис і бали з'являться, коли адміністратор опише її в DataItems.json.",
"str_zp_data_76","Технічні дані 76 (не налаштовано)","Technical data 76 (not configured)","Технічні дані 76 (не налаштовано)","Технічні дані 76 (не налаштовано)","Технічні дані 76 (не налаштовано)","Технічні дані 76 (не налаштовано)","Технічні дані 76 (не налаштовано)","Технічні дані 76 (не налаштовано)","Технічні дані 76 (не налаштовано)","Технічні дані 76 (не налаштовано)","Технічні дані 76 (не налаштовано)","Технічні дані 76 (не налаштовано)","Технічні дані 76 (не налаштовано)","Технічні дані 76 (не налаштовано)",
"str_zp_data_76_desc","Заготовка носія технічних даних. Назва, опис і бали з'являться, коли адміністратор опише її в DataItems.json.","A blank carrier of technical data. Its name, description and points appear once an administrator defines it in DataItems.json.","Заготовка носія технічних даних. Назва, опис і бали з'являться, коли адміністратор опише її в DataItems.json.","Заготовка носія технічних даних. Назва, опис і бали з'являться, коли адміністратор опише її в DataItems.json.","Заготовка носія технічних даних. Назва, опис і бали з'являться, коли адміністратор опише її в DataItems.json.","Заготовка носія технічних даних. Назва, опис і бали з'являться, коли адміністратор опише її в DataItems.json.","Заготовка носія технічних даних. Назва, опис і бали з'являться, коли адміністратор опише її в DataItems.json.","Заготовка носія технічних даних. Назва, опис і бали з'являться, коли адміністратор опише її в DataItems.json.","Заготовка носія технічних даних. Назва, опис і бали з'являться, коли адміністратор опише її в DataItems.json.","Заготовка носія технічних даних. Назва, опис і бали з'являться, коли адміністратор опише її в DataItems.json.","Заготовка носія технічних даних. Назва, опис і бали з'являться, коли адміністратор опише її в DataItems.json.","Заготовка носія технічних даних. Назва, опис і бали з'являться, коли адміністратор опише її в DataItems.json.","Заготовка носія технічних даних. Назва, опис і бали з'являться, коли адміністратор опише її в DataItems.json.","Заготовка носія технічних даних. Назва, опис і бали з'являться, коли адміністратор опише її в DataItems.json.",
"str_zp_data_77","Технічні дані 77 (не налаштовано)","Technical data 77 (not configured)","Технічні дані 77 (не налаштовано)","Технічні дані 77 (не налаштовано)","Технічні дані 77 (не налаштовано)","Технічні дані 77 (не налаштовано)","Технічні дані 77 (не налаштовано)","Технічні дані 77 (не налаштовано)","Технічні дані 77 (не налаштовано)","Технічні дані 77 (не налаштовано)","Технічні дані 77 (не налаштовано)","Технічні дані 77 (не налаштовано)","Технічні дані 77 (не налаштовано)","Технічні дані 77 (не налаштовано)",
"str_zp_data_77_desc","Заготовка носія технічних даних. Назва, опис і бали з'являться, коли адміністратор опише її в DataItems.json.","A blank carrier of technical data. Its name, description and points appear once an administrator defines it in DataItems.json.","Заготовка носія технічних даних. Назва, опис і бали з'являться, коли адміністратор опише її в DataItems.json.","Заготовка носія технічних даних. Назва, опис і бали з'являться, коли адміністратор опише її в DataItems.json.","Заготовка носія технічних даних. Назва, опис і бали з'являться, коли адміністратор опише її в DataItems.json.","Заготовка носія технічних даних. Назва, опис і бали з'являться, коли адміністратор опише її в DataItems.json.","Заготовка носія технічних даних. Назва, опис і бали з'являться, коли адміністратор опише її в DataItems.json.","Заготовка носія технічних даних. Назва, опис і бали з'являться, коли адміністратор опише її в DataItems.json.","Заготовка носія технічних даних. Назва, опис і бали з'являться, коли адміністратор опише її в DataItems.json.","Заготовка носія технічних даних. Назва, опис і бали з'являться, коли адміністратор опише її в DataItems.json.","Заготовка носія технічних даних. Назва, опис і бали з'являться, коли адміністратор опише її в DataItems.json.","Заготовка носія технічних даних. Назва, опис і бали з'являться, коли адміністратор опише її в DataItems.json.","Заготовка носія технічних даних. Назва, опис і бали з'являться, коли адміністратор опише її в DataItems.json.","Заготовка носія технічних даних. Назва, опис і бали з'являться, коли адміністратор опише її в DataItems.json.",
"str_zp_data_78","Технічні дані 78 (не налаштовано)","Technical data 78 (not configured)","Технічні дані 78 (не налаштовано)","Технічні дані 78 (не налаштовано)","Технічні дані 78 (не налаштовано)","Технічні дані 78 (не налаштовано)","Технічні дані 78 (не налаштовано)","Технічні дані 78 (не налаштовано)","Технічні дані 78 (не налаштовано)","Технічні дані 78 (не налаштовано)","Технічні дані 78 (не налаштовано)","Технічні дані 78 (не налаштовано)","Технічні дані 78 (не налаштовано)","Технічні дані 78 (не налаштовано)",
"str_zp_data_78_desc","Заготовка носія технічних даних. Назва, опис і бали з'являться, коли адміністратор опише її в DataItems.json.","A blank carrier of technical data. Its name, description and points appear once an administrator defines it in DataItems.json.","Заготовка носія технічних даних. Назва, опис і бали з'являться, коли адміністратор опише її в DataItems.json.","Заготовка носія технічних даних. Назва, опис і бали з'являться, коли адміністратор опише її в DataItems.json.","Заготовка носія технічних даних. Назва, опис і бали з'являться, коли адміністратор опише її в DataItems.json.","Заготовка носія технічних даних. Назва, опис і бали з'являться, коли адміністратор опише її в DataItems.json.","Заготовка носія технічних даних. Назва, опис і бали з'являться, коли адміністратор опише її в DataItems.json.","Заготовка носія технічних даних. Назва, опис і бали з'являться, коли адміністратор опише її в DataItems.json.","Заготовка носія технічних даних. Назва, опис і бали з'являться, коли адміністратор опише її в DataItems.json.","Заготовка носія технічних даних. Назва, опис і бали з'являться, коли адміністратор опише її в DataItems.json.","Заготовка носія технічних даних. Назва, опис і бали з'являться, коли адміністратор опише її в DataItems.json.","Заготовка носія технічних даних. Назва, опис і бали з'являться, коли адміністратор опише її в DataItems.json.","Заготовка носія технічних даних. Назва, опис і бали з'являться, коли адміністратор опише її в DataItems.json.","Заготовка носія технічних даних. Назва, опис і бали з'являться, коли адміністратор опише її в DataItems.json.",
"str_zp_data_79","Технічні дані 79 (не налаштовано)","Technical data 79 (not configured)","Технічні дані 79 (не налаштовано)","Технічні дані 79 (не налаштовано)","Технічні дані 79 (не налаштовано)","Технічні дані 79 (не налаштовано)","Технічні дані 79 (не налаштовано)","Технічні дані 79 (не налаштовано)","Технічні дані 79 (не налаштовано)","Технічні дані 79 (не налаштовано)","Технічні дані 79 (не налаштовано)","Технічні дані 79 (не налаштовано)","Технічні дані 79 (не налаштовано)","Технічні дані 79 (не налаштовано)",
"str_zp_data_79_desc","Заготовка носія технічних даних. Назва, опис і бали з'являться, коли адміністратор опише її в DataItems.json.","A blank carrier of technical data. Its name, description and points appear once an administrator defines it in DataItems.json.","Заготовка носія технічних даних. Назва, опис і бали з'являться, коли адміністратор опише її в DataItems.json.","Заготовка носія технічних даних. Назва, опис і бали з'являться, коли адміністратор опише її в DataItems.json.","Заготовка носія технічних даних. Назва, опис і бали з'являться, коли адміністратор опише її в DataItems.json.","Заготовка носія технічних даних. Назва, опис і бали з'являться, коли адміністратор опише її в DataItems.json.","Заготовка носія технічних даних. Назва, опис і бали з'являться, коли адміністратор опише її в DataItems.json.","Заготовка носія технічних даних. Назва, опис і бали з'являться, коли адміністратор опише її в DataItems.json.","Заготовка носія технічних даних. Назва, опис і бали з'являться, коли адміністратор опише її в DataItems.json.","Заготовка носія технічних даних. Назва, опис і бали з'являться, коли адміністратор опише її в DataItems.json.","Заготовка носія технічних даних. Назва, опис і бали з'являться, коли адміністратор опише її в DataItems.json.","Заготовка носія технічних даних. Назва, опис і бали з'являться, коли адміністратор опише її в DataItems.json.","Заготовка носія технічних даних. Назва, опис і бали з'являться, коли адміністратор опише її в DataItems.json.","Заготовка носія технічних даних. Назва, опис і бали з'являться, коли адміністратор опише її в DataItems.json.",
"str_zp_data_80","Технічні дані 80 (не налаштовано)","Technical data 80 (not configured)","Технічні дані 80 (не налаштовано)","Технічні дані 80 (не налаштовано)","Технічні дані 80 (не налаштовано)","Технічні дані 80 (не налаштовано)","Технічні дані 80 (не налаштовано)","Технічні дані 80 (не налаштовано)","Технічні дані 80 (не налаштовано)","Технічні дані 80 (не налаштовано)","Технічні дані 80 (не налаштовано)","Технічні дані 80 (не налаштовано)","Технічні дані 80 (не налаштовано)","Технічні дані 80 (не налаштовано)",
"str_zp_data_80_desc","Заготовка носія технічних даних. Назва, опис і бали з'являться, коли адміністратор опише її в DataItems.json.","A blank carrier of technical data. Its name, description and points appear once an administrator defines it in DataItems.json.","Заготовка носія технічних даних. Назва, опис і бали з'являться, коли адміністратор опише її в DataItems.json.","Заготовка носія технічних даних. Назва, опис і бали з'являться, коли адміністратор опише її в DataItems.json.","Заготовка носія технічних даних. Назва, опис і бали з'являться, коли адміністратор опише її в DataItems.json.","Заготовка носія технічних даних. Назва, опис і бали з'являться, коли адміністратор опише її в DataItems.json.","Заготовка носія технічних даних. Назва, опис і бали з'являться, коли адміністратор опише її в DataItems.json.","Заготовка носія технічних даних. Назва, опис і бали з'являться, коли адміністратор опише її в DataItems.json.","Заготовка носія технічних даних. Назва, опис і бали з'являться, коли адміністратор опише її в DataItems.json.","Заготовка носія технічних даних. Назва, опис і бали з'являться, коли адміністратор опише її в DataItems.json.","Заготовка носія технічних даних. Назва, опис і бали з'являться, коли адміністратор опише її в DataItems.json.","Заготовка носія технічних даних. Назва, опис і бали з'являться, коли адміністратор опише її в DataItems.json.","Заготовка носія технічних даних. Назва, опис і бали з'являться, коли адміністратор опише її в DataItems.json.","Заготовка носія технічних даних. Назва, опис і бали з'являться, коли адміністратор опише її в DataItems.json.",
"str_zp_data_81","Технічні дані 81 (не налаштовано)","Technical data 81 (not configured)","Технічні дані 81 (не налаштовано)","Технічні дані 81 (не налаштовано)","Технічні дані 81 (не налаштовано)","Технічні дані 81 (не налаштовано)","Технічні дані 81 (не налаштовано)","Технічні дані 81 (не налаштовано)","Технічні дані 81 (не налаштовано)","Технічні дані 81 (не налаштовано)","Технічні дані 81 (не налаштовано)","Технічні дані 81 (не налаштовано)","Технічні дані 81 (не налаштовано)","Технічні дані 81 (не налаштовано)",
"str_zp_data_81_desc","Заготовка носія технічних даних. Назва, опис і бали з'являться, коли адміністратор опише її в DataItems.json.","A blank carrier of technical data. Its name, description and points appear once an administrator defines it in DataItems.json.","Заготовка носія технічних даних. Назва, опис і бали з'являться, коли адміністратор опише її в DataItems.json.","Заготовка носія технічних даних. Назва, опис і бали з'являться, коли адміністратор опише її в DataItems.json.","Заготовка носія технічних даних. Назва, опис і бали з'являться, коли адміністратор опише її в DataItems.json.","Заготовка носія технічних даних. Назва, опис і бали з'являться, коли адміністратор опише її в DataItems.json.","Заготовка носія технічних даних. Назва, опис і бали з'являться, коли адміністратор опише її в DataItems.json.","Заготовка носія технічних даних. Назва, опис і бали з'являться, коли адміністратор опише її в DataItems.json.","Заготовка носія технічних даних. Назва, опис і бали з'являться, коли адміністратор опише її в DataItems.json.","Заготовка носія технічних даних. Назва, опис і бали з'являться, коли адміністратор опише її в DataItems.json.","Заготовка носія технічних даних. Назва, опис і бали з'являться, коли адміністратор опише її в DataItems.json.","Заготовка носія технічних даних. Назва, опис і бали з'являться, коли адміністратор опише її в DataItems.json.","Заготовка носія технічних даних. Назва, опис і бали з'являться, коли адміністратор опише її в DataItems.json.","Заготовка носія технічних даних. Назва, опис і бали з'являться, коли адміністратор опише її в DataItems.json.",
"str_zp_data_82","Технічні дані 82 (не налаштовано)","Technical data 82 (not configured)","Технічні дані 82 (не налаштовано)","Технічні дані 82 (не налаштовано)","Технічні дані 82 (не налаштовано)","Технічні дані 82 (не налаштовано)","Технічні дані 82 (не налаштовано)","Технічні дані 82 (не налаштовано)","Технічні дані 82 (не налаштовано)","Технічні дані 82 (не налаштовано)","Технічні дані 82 (не налаштовано)","Технічні дані 82 (не налаштовано)","Технічні дані 82 (не налаштовано)","Технічні дані 82 (не налаштовано)",
"str_zp_data_82_desc","Заготовка носія технічних даних. Назва, опис і бали з'являться, коли адміністратор опише її в DataItems.json.","A blank carrier of technical data. Its name, description and points appear once an administrator defines it in DataItems.json.","Заготовка носія технічних даних. Назва, опис і бали з'являться, коли адміністратор опише її в DataItems.json.","Заготовка носія технічних даних. Назва, опис і бали з'являться, коли адміністратор опише її в DataItems.json.","Заготовка носія технічних даних. Назва, опис і бали з'являться, коли адміністратор опише її в DataItems.json.","Заготовка носія технічних даних. Назва, опис і бали з'являться, коли адміністратор опише її в DataItems.json.","Заготовка носія технічних даних. Назва, опис і бали з'являться, коли адміністратор опише її в DataItems.json.","Заготовка носія технічних даних. Назва, опис і бали з'являться, коли адміністратор опише її в DataItems.json.","Заготовка носія технічних даних. Назва, опис і бали з'являться, коли адміністратор опише її в DataItems.json.","Заготовка носія технічних даних. Назва, опис і бали з'являться, коли адміністратор опише її в DataItems.json.","Заготовка носія технічних даних. Назва, опис і бали з'являться, коли адміністратор опише її в DataItems.json.","Заготовка носія технічних даних. Назва, опис і бали з'являться, коли адміністратор опише її в DataItems.json.","Заготовка носія технічних даних. Назва, опис і бали з'являться, коли адміністратор опише її в DataItems.json.","Заготовка носія технічних даних. Назва, опис і бали з'являться, коли адміністратор опише її в DataItems.json.",
"str_zp_data_83","Технічні дані 83 (не налаштовано)","Technical data 83 (not configured)","Технічні дані 83 (не налаштовано)","Технічні дані 83 (не налаштовано)","Технічні дані 83 (не налаштовано)","Технічні дані 83 (не налаштовано)","Технічні дані 83 (не налаштовано)","Технічні дані 83 (не налаштовано)","Технічні дані 83 (не налаштовано)","Технічні дані 83 (не налаштовано)","Технічні дані 83 (не налаштовано)","Технічні дані 83 (не налаштовано)","Технічні дані 83 (не налаштовано)","Технічні дані 83 (не налаштовано)",
"str_zp_data_83_desc","Заготовка носія технічних даних. Назва, опис і бали з'являться, коли адміністратор опише її в DataItems.json.","A blank carrier of technical data. Its name, description and points appear once an administrator defines it in DataItems.json.","Заготовка носія технічних даних. Назва, опис і бали з'являться, коли адміністратор опише її в DataItems.json.","Заготовка носія технічних даних. Назва, опис і бали з'являться, коли адміністратор опише її в DataItems.json.","Заготовка носія технічних даних. Назва, опис і бали з'являться, коли адміністратор опише її в DataItems.json.","Заготовка носія технічних даних. Назва, опис і бали з'являться, коли адміністратор опише її в DataItems.json.","Заготовка носія технічних даних. Назва, опис і бали з'являться, коли адміністратор опише її в DataItems.json.","Заготовка носія технічних даних. Назва, опис і бали з'являться, коли адміністратор опише її в DataItems.json.","Заготовка носія технічних даних. Назва, опис і бали з'являться, коли адміністратор опише її в DataItems.json.","Заготовка носія технічних даних. Назва, опис і бали з'являться, коли адміністратор опише її в DataItems.json.","Заготовка носія технічних даних. Назва, опис і бали з'являться, коли адміністратор опише її в DataItems.json.","Заготовка носія технічних даних. Назва, опис і бали з'являться, коли адміністратор опише її в DataItems.json.","Заготовка носія технічних даних. Назва, опис і бали з'являться, коли адміністратор опише її в DataItems.json.","Заготовка носія технічних даних. Назва, опис і бали з'являться, коли адміністратор опише її в DataItems.json.",
"str_zp_data_84","Технічні дані 84 (не налаштовано)","Technical data 84 (not configured)","Технічні дані 84 (не налаштовано)","Технічні дані 84 (не налаштовано)","Технічні дані 84 (не налаштовано)","Технічні дані 84 (не налаштовано)","Технічні дані 84 (не налаштовано)","Технічні дані 84 (не налаштовано)","Технічні дані 84 (не налаштовано)","Технічні дані 84 (не налаштовано)","Технічні дані 84 (не налаштовано)","Технічні дані 84 (не налаштовано)","Технічні дані 84 (не налаштовано)","Технічні дані 84 (не налаштовано)",
"str_zp_data_84_desc","Заготовка носія технічних даних. Назва, опис і бали з'являться, коли адміністратор опише її в DataItems.json.","A blank carrier of technical data. Its name, description and points appear once an administrator defines it in DataItems.json.","Заготовка носія технічних даних. Назва, опис і бали з'являться, коли адміністратор опише її в DataItems.json.","Заготовка носія технічних даних. Назва, опис і бали з'являться, коли адміністратор опише її в DataItems.json.","Заготовка носія технічних даних. Назва, опис і бали з'являться, коли адміністратор опише її в DataItems.json.","Заготовка носія технічних даних. Назва, опис і бали з'являться, коли адміністратор опише її в DataItems.json.","Заготовка носія технічних даних. Назва, опис і бали з'являться, коли адміністратор опише її в DataItems.json.","Заготовка носія технічних даних. Назва, опис і бали з'являться, коли адміністратор опише її в DataItems.json.","Заготовка носія технічних даних. Назва, опис і бали з'являться, коли адміністратор опише її в DataItems.json.","Заготовка носія технічних даних. Назва, опис і бали з'являться, коли адміністратор опише її в DataItems.json.","Заготовка носія технічних даних. Назва, опис і бали з'являться, коли адміністратор опише її в DataItems.json.","Заготовка носія технічних даних. Назва, опис і бали з'являться, коли адміністратор опише її в DataItems.json.","Заготовка носія технічних даних. Назва, опис і бали з'являться, коли адміністратор опише її в DataItems.json.","Заготовка носія технічних даних. Назва, опис і бали з'являться, коли адміністратор опише її в DataItems.json.",
"str_zp_data_85","Технічні дані 85 (не налаштовано)","Technical data 85 (not configured)","Технічні дані 85 (не налаштовано)","Технічні дані 85 (не налаштовано)","Технічні дані 85 (не налаштовано)","Технічні дані 85 (не налаштовано)","Технічні дані 85 (не налаштовано)","Технічні дані 85 (не налаштовано)","Технічні дані 85 (не налаштовано)","Технічні дані 85 (не налаштовано)","Технічні дані 85 (не налаштовано)","Технічні дані 85 (не налаштовано)","Технічні дані 85 (не налаштовано)","Технічні дані 85 (не налаштовано)",
"str_zp_data_85_desc","Заготовка носія технічних даних. Назва, опис і бали з'являться, коли адміністратор опише її в DataItems.json.","A blank carrier of technical data. Its name, description and points appear once an administrator defines it in DataItems.json.","Заготовка носія технічних даних. Назва, опис і бали з'являться, коли адміністратор опише її в DataItems.json.","Заготовка носія технічних даних. Назва, опис і бали з'являться, коли адміністратор опише її в DataItems.json.","Заготовка носія технічних даних. Назва, опис і бали з'являться, коли адміністратор опише її в DataItems.json.","Заготовка носія технічних даних. Назва, опис і бали з'являться, коли адміністратор опише її в DataItems.json.","Заготовка носія технічних даних. Назва, опис і бали з'являться, коли адміністратор опише її в DataItems.json.","Заготовка носія технічних даних. Назва, опис і бали з'являться, коли адміністратор опише її в DataItems.json.","Заготовка носія технічних даних. Назва, опис і бали з'являться, коли адміністратор опише її в DataItems.json.","Заготовка носія технічних даних. Назва, опис і бали з'являться, коли адміністратор опише її в DataItems.json.","Заготовка носія технічних даних. Назва, опис і бали з'являться, коли адміністратор опише її в DataItems.json.","Заготовка носія технічних даних. Назва, опис і бали з'являться, коли адміністратор опише її в DataItems.json.","Заготовка носія технічних даних. Назва, опис і бали з'являться, коли адміністратор опише її в DataItems.json.","Заготовка носія технічних даних. Назва, опис і бали з'являться, коли адміністратор опише її в DataItems.json.",
"str_zp_data_86","Технічні дані 86 (не налаштовано)","Technical data 86 (not configured)","Технічні дані 86 (не налаштовано)","Технічні дані 86 (не налаштовано)","Технічні дані 86 (не налаштовано)","Технічні дані 86 (не налаштовано)","Технічні дані 86 (не налаштовано)","Технічні дані 86 (не налаштовано)","Технічні дані 86 (не налаштовано)","Технічні дані 86 (не налаштовано)","Технічні дані 86 (не налаштовано)","Технічні дані 86 (не налаштовано)","Технічні дані 86 (не налаштовано)","Технічні дані 86 (не налаштовано)",
"str_zp_data_86_desc","Заготовка носія технічних даних. Назва, опис і бали з'являться, коли адміністратор опише її в DataItems.json.","A blank carrier of technical data. Its name, description and points appear once an administrator defines it in DataItems.json.","Заготовка носія технічних даних. Назва, опис і бали з'являться, коли адміністратор опише її в DataItems.json.","Заготовка носія технічних даних. Назва, опис і бали з'являться, коли адміністратор опише її в DataItems.json.","Заготовка носія технічних даних. Назва, опис і бали з'являться, коли адміністратор опише її в DataItems.json.","Заготовка носія технічних даних. Назва, опис і бали з'являться, коли адміністратор опише її в DataItems.json.","Заготовка носія технічних даних. Назва, опис і бали з'являться, коли адміністратор опише її в DataItems.json.","Заготовка носія технічних даних. Назва, опис і бали з'являться, коли адміністратор опише її в DataItems.json.","Заготовка носія технічних даних. Назва, опис і бали з'являться, коли адміністратор опише її в DataItems.json.","Заготовка носія технічних даних. Назва, опис і бали з'являться, коли адміністратор опише її в DataItems.json.","Заготовка носія технічних даних. Назва, опис і бали з'являться, коли адміністратор опише її в DataItems.json.","Заготовка носія технічних даних. Назва, опис і бали з'являться, коли адміністратор опише її в DataItems.json.","Заготовка носія технічних даних. Назва, опис і бали з'являться, коли адміністратор опише її в DataItems.json.","Заготовка носія технічних даних. Назва, опис і бали з'являться, коли адміністратор опише її в DataItems.json.",
"str_zp_data_87","Технічні дані 87 (не налаштовано)","Technical data 87 (not configured)","Технічні дані 87 (не налаштовано)","Технічні дані 87 (не налаштовано)","Технічні дані 87 (не налаштовано)","Технічні дані 87 (не налаштовано)","Технічні дані 87 (не налаштовано)","Технічні дані 87 (не налаштовано)","Технічні дані 87 (не налаштовано)","Технічні дані 87 (не налаштовано)","Технічні дані 87 (не налаштовано)","Технічні дані 87 (не налаштовано)","Технічні дані 87 (не налаштовано)","Технічні дані 87 (не налаштовано)",
"str_zp_data_87_desc","Заготовка носія технічних даних. Назва, опис і бали з'являться, коли адміністратор опише її в DataItems.json.","A blank carrier of technical data. Its name, description and points appear once an administrator defines it in DataItems.json.","Заготовка носія технічних даних. Назва, опис і бали з'являться, коли адміністратор опише її в DataItems.json.","Заготовка носія технічних даних. Назва, опис і бали з'являться, коли адміністратор опише її в DataItems.json.","Заготовка носія технічних даних. Назва, опис і бали з'являться, коли адміністратор опише її в DataItems.json.","Заготовка носія технічних даних. Назва, опис і бали з'являться, коли адміністратор опише її в DataItems.json.","Заготовка носія технічних даних. Назва, опис і бали з'являться, коли адміністратор опише її в DataItems.json.","Заготовка носія технічних даних. Назва, опис і бали з'являться, коли адміністратор опише її в DataItems.json.","Заготовка носія технічних даних. Назва, опис і бали з'являться, коли адміністратор опише її в DataItems.json.","Заготовка носія технічних даних. Назва, опис і бали з'являться, коли адміністратор опише її в DataItems.json.","Заготовка носія технічних даних. Назва, опис і бали з'являться, коли адміністратор опише її в DataItems.json.","Заготовка носія технічних даних. Назва, опис і бали з'являться, коли адміністратор опише її в DataItems.json.","Заготовка носія технічних даних. Назва, опис і бали з'являться, коли адміністратор опише її в DataItems.json.","Заготовка носія технічних даних. Назва, опис і бали з'являться, коли адміністратор опише її в DataItems.json.",
"str_zp_data_88","Технічні дані 88 (не налаштовано)","Technical data 88 (not configured)","Технічні дані 88 (не налаштовано)","Технічні дані 88 (не налаштовано)","Технічні дані 88 (не налаштовано)","Технічні дані 88 (не налаштовано)","Технічні дані 88 (не налаштовано)","Технічні дані 88 (не налаштовано)","Технічні дані 88 (не налаштовано)","Технічні дані 88 (не налаштовано)","Технічні дані 88 (не налаштовано)","Технічні дані 88 (не налаштовано)","Технічні дані 88 (не налаштовано)","Технічні дані 88 (не налаштовано)",
"str_zp_data_88_desc","Заготовка носія технічних даних. Назва, опис і бали з'являться, коли адміністратор опише її в DataItems.json.","A blank carrier of technical data. Its name, description and points appear once an administrator defines it in DataItems.json.","Заготовка носія технічних даних. Назва, опис і бали з'являться, коли адміністратор опише її в DataItems.json.","Заготовка носія технічних даних. Назва, опис і бали з'являться, коли адміністратор опише її в DataItems.json.","Заготовка носія технічних даних. Назва, опис і бали з'являться, коли адміністратор опише її в DataItems.json.","Заготовка носія технічних даних. Назва, опис і бали з'являться, коли адміністратор опише її в DataItems.json.","Заготовка носія технічних даних. Назва, опис і бали з'являться, коли адміністратор опише її в DataItems.json.","Заготовка носія технічних даних. Назва, опис і бали з'являться, коли адміністратор опише її в DataItems.json.","Заготовка носія технічних даних. Назва, опис і бали з'являться, коли адміністратор опише її в DataItems.json.","Заготовка носія технічних даних. Назва, опис і бали з'являться, коли адміністратор опише її в DataItems.json.","Заготовка носія технічних даних. Назва, опис і бали з'являться, коли адміністратор опише її в DataItems.json.","Заготовка носія технічних даних. Назва, опис і бали з'являться, коли адміністратор опише її в DataItems.json.","Заготовка носія технічних даних. Назва, опис і бали з'являться, коли адміністратор опише її в DataItems.json.","Заготовка носія технічних даних. Назва, опис і бали з'являться, коли адміністратор опише її в DataItems.json.",
"str_zp_data_89","Технічні дані 89 (не налаштовано)","Technical data 89 (not configured)","Технічні дані 89 (не налаштовано)","Технічні дані 89 (не налаштовано)","Технічні дані 89 (не налаштовано)","Технічні дані 89 (не налаштовано)","Технічні дані 89 (не налаштовано)","Технічні дані 89 (не налаштовано)","Технічні дані 89 (не налаштовано)","Технічні дані 89 (не налаштовано)","Технічні дані 89 (не налаштовано)","Технічні дані 89 (не налаштовано)","Технічні дані 89 (не налаштовано)","Технічні дані 89 (не налаштовано)",
"str_zp_data_89_desc","Заготовка носія технічних даних. Назва, опис і бали з'являться, коли адміністратор опише її в DataItems.json.","A blank carrier of technical data. Its name, description and points appear once an administrator defines it in DataItems.json.","Заготовка носія технічних даних. Назва, опис і бали з'являться, коли адміністратор опише її в DataItems.json.","Заготовка носія технічних даних. Назва, опис і бали з'являться, коли адміністратор опише її в DataItems.json.","Заготовка носія технічних даних. Назва, опис і бали з'являться, коли адміністратор опише її в DataItems.json.","Заготовка носія технічних даних. Назва, опис і бали з'являться, коли адміністратор опише її в DataItems.json.","Заготовка носія технічних даних. Назва, опис і бали з'являться, коли адміністратор опише її в DataItems.json.","Заготовка носія технічних даних. Назва, опис і бали з'являться, коли адміністратор опише її в DataItems.json.","Заготовка носія технічних даних. Назва, опис і бали з'являться, коли адміністратор опише її в DataItems.json.","Заготовка носія технічних даних. Назва, опис і бали з'являться, коли адміністратор опише її в DataItems.json.","Заготовка носія технічних даних. Назва, опис і бали з'являться, коли адміністратор опише її в DataItems.json.","Заготовка носія технічних даних. Назва, опис і бали з'являться, коли адміністратор опише її в DataItems.json.","Заготовка носія технічних даних. Назва, опис і бали з'являться, коли адміністратор опише її в DataItems.json.","Заготовка носія технічних даних. Назва, опис і бали з'являться, коли адміністратор опише її в DataItems.json.",
"str_zp_data_90","Технічні дані 90 (не налаштовано)","Technical data 90 (not configured)","Технічні дані 90 (не налаштовано)","Технічні дані 90 (не налаштовано)","Технічні дані 90 (не налаштовано)","Технічні дані 90 (не налаштовано)","Технічні дані 90 (не налаштовано)","Технічні дані 90 (не налаштовано)","Технічні дані 90 (не налаштовано)","Технічні дані 90 (не налаштовано)","Технічні дані 90 (не налаштовано)","Технічні дані 90 (не налаштовано)","Технічні дані 90 (не налаштовано)","Технічні дані 90 (не налаштовано)",
"str_zp_data_90_desc","Заготовка носія технічних даних. Назва, опис і бали з'являться, коли адміністратор опише її в DataItems.json.","A blank carrier of technical data. Its name, description and points appear once an administrator defines it in DataItems.json.","Заготовка носія технічних даних. Назва, опис і бали з'являться, коли адміністратор опише її в DataItems.json.","Заготовка носія технічних даних. Назва, опис і бали з'являться, коли адміністратор опише її в DataItems.json.","Заготовка носія технічних даних. Назва, опис і бали з'являться, коли адміністратор опише її в DataItems.json.","Заготовка носія технічних даних. Назва, опис і бали з'являться, коли адміністратор опише її в DataItems.json.","Заготовка носія технічних даних. Назва, опис і бали з'являться, коли адміністратор опише її в DataItems.json.","Заготовка носія технічних даних. Назва, опис і бали з'являться, коли адміністратор опише її в DataItems.json.","Заготовка носія технічних даних. Назва, опис і бали з'являться, коли адміністратор опише її в DataItems.json.","Заготовка носія технічних даних. Назва, опис і бали з'являться, коли адміністратор опише її в DataItems.json.","Заготовка носія технічних даних. Назва, опис і бали з'являться, коли адміністратор опише її в DataItems.json.","Заготовка носія технічних даних. Назва, опис і бали з'являться, коли адміністратор опише її в DataItems.json.","Заготовка носія технічних даних. Назва, опис і бали з'являться, коли адміністратор опише її в DataItems.json.","Заготовка носія технічних даних. Назва, опис і бали з'являться, коли адміністратор опише її в DataItems.json.",
"str_zp_ui_pick_title","Виберіть клас предмета","Виберіть клас предмета","Виберіть клас предмета","Виберіть клас предмета","Виберіть клас предмета","Виберіть клас предмета","Виберіть клас предмета","Виберіть клас предмета","Виберіть клас предмета","Виберіть клас предмета","Виберіть клас предмета","Виберіть клас предмета","Виберіть клас предмета","Виберіть клас предмета",
"str_zp_ui_pick_find","Знайти","Знайти","Знайти","Знайти","Знайти","Знайти","Знайти","Знайти","Знайти","Знайти","Знайти","Знайти","Знайти","Знайти",
"str_zp_ui_pick_ok","Вибрати","Вибрати","Вибрати","Вибрати","Вибрати","Вибрати","Вибрати","Вибрати","Вибрати","Вибрати","Вибрати","Вибрати","Вибрати","Вибрати",
"str_zp_ui_pick_cancel","Скасувати","Скасувати","Скасувати","Скасувати","Скасувати","Скасувати","Скасувати","Скасувати","Скасувати","Скасувати","Скасувати","Скасувати","Скасувати","Скасувати",
"str_zp_ui_btn_json","JSON","JSON","JSON","JSON","JSON","JSON","JSON","JSON","JSON","JSON","JSON","JSON","JSON","JSON",
"З","а","а","а","а","а","а","а","а","а","а","а","а","а","а",
"str_zp_ui_sec_dataitems","Заготовки","Заготовки","Заготовки","Заготовки","Заготовки","Заготовки","Заготовки","Заготовки","Заготовки","Заготовки","Заготовки","Заготовки","Заготовки","Заготовки",
"str_zp_ui_sec_modules","Модулі","Модулі","Модулі","Модулі","Модулі","Модулі","Модулі","Модулі","Модулі","Модулі","Модулі","Модулі","Модулі","Модулі",
"str_zp_sample_01","Зразок №01 (не налаштовано)","Sample #01 (not configured)","Зразок №01 (не налаштовано)","Зразок №01 (не налаштовано)","Зразок №01 (не налаштовано)","Зразок №01 (не налаштовано)","Зразок №01 (не налаштовано)","Зразок №01 (не налаштовано)","Зразок №01 (не налаштовано)","Зразок №01 (не налаштовано)","Зразок №01 (не налаштовано)","Зразок №01 (не налаштовано)","Зразок №01 (не налаштовано)","Зразок №01 (не налаштовано)",
"str_zp_sample_01_desc","Зразок, підготовлений до аналізу. Опис з'явиться, коли адміністратор опише цей тип у SampleTypes.json.","A sample prepared for analysis. Its description appears once an administrator defines this type in SampleTypes.json.","Зразок, підготовлений до аналізу. Опис з'явиться, коли адміністратор опише цей тип у SampleTypes.json.","Зразок, підготовлений до аналізу. Опис з'явиться, коли адміністратор опише цей тип у SampleTypes.json.","Зразок, підготовлений до аналізу. Опис з'явиться, коли адміністратор опише цей тип у SampleTypes.json.","Зразок, підготовлений до аналізу. Опис з'явиться, коли адміністратор опише цей тип у SampleTypes.json.","Зразок, підготовлений до аналізу. Опис з'явиться, коли адміністратор опише цей тип у SampleTypes.json.","Зразок, підготовлений до аналізу. Опис з'явиться, коли адміністратор опише цей тип у SampleTypes.json.","Зразок, підготовлений до аналізу. Опис з'явиться, коли адміністратор опише цей тип у SampleTypes.json.","Зразок, підготовлений до аналізу. Опис з'явиться, коли адміністратор опише цей тип у SampleTypes.json.","Зразок, підготовлений до аналізу. Опис з'явиться, коли адміністратор опише цей тип у SampleTypes.json.","Зразок, підготовлений до аналізу. Опис з'явиться, коли адміністратор опише цей тип у SampleTypes.json.","Зразок, підготовлений до аналізу. Опис з'явиться, коли адміністратор опише цей тип у SampleTypes.json.","Зразок, підготовлений до аналізу. Опис з'явиться, коли адміністратор опише цей тип у SampleTypes.json.",
"str_zp_sample_02","Зразок №02 (не налаштовано)","Sample #02 (not configured)","Зразок №02 (не налаштовано)","Зразок №02 (не налаштовано)","Зразок №02 (не налаштовано)","Зразок №02 (не налаштовано)","Зразок №02 (не налаштовано)","Зразок №02 (не налаштовано)","Зразок №02 (не налаштовано)","Зразок №02 (не налаштовано)","Зразок №02 (не налаштовано)","Зразок №02 (не налаштовано)","Зразок №02 (не налаштовано)","Зразок №02 (не налаштовано)",
"str_zp_sample_02_desc","Зразок, підготовлений до аналізу. Опис з'явиться, коли адміністратор опише цей тип у SampleTypes.json.","A sample prepared for analysis. Its description appears once an administrator defines this type in SampleTypes.json.","Зразок, підготовлений до аналізу. Опис з'явиться, коли адміністратор опише цей тип у SampleTypes.json.","Зразок, підготовлений до аналізу. Опис з'явиться, коли адміністратор опише цей тип у SampleTypes.json.","Зразок, підготовлений до аналізу. Опис з'явиться, коли адміністратор опише цей тип у SampleTypes.json.","Зразок, підготовлений до аналізу. Опис з'явиться, коли адміністратор опише цей тип у SampleTypes.json.","Зразок, підготовлений до аналізу. Опис з'явиться, коли адміністратор опише цей тип у SampleTypes.json.","Зразок, підготовлений до аналізу. Опис з'явиться, коли адміністратор опише цей тип у SampleTypes.json.","Зразок, підготовлений до аналізу. Опис з'явиться, коли адміністратор опише цей тип у SampleTypes.json.","Зразок, підготовлений до аналізу. Опис з'явиться, коли адміністратор опише цей тип у SampleTypes.json.","Зразок, підготовлений до аналізу. Опис з'явиться, коли адміністратор опише цей тип у SampleTypes.json.","Зразок, підготовлений до аналізу. Опис з'явиться, коли адміністратор опише цей тип у SampleTypes.json.","Зразок, підготовлений до аналізу. Опис з'явиться, коли адміністратор опише цей тип у SampleTypes.json.","Зразок, підготовлений до аналізу. Опис з'явиться, коли адміністратор опише цей тип у SampleTypes.json.",
"str_zp_sample_03","Зразок №03 (не налаштовано)","Sample #03 (not configured)","Зразок №03 (не налаштовано)","Зразок №03 (не налаштовано)","Зразок №03 (не налаштовано)","Зразок №03 (не налаштовано)","Зразок №03 (не налаштовано)","Зразок №03 (не налаштовано)","Зразок №03 (не налаштовано)","Зразок №03 (не налаштовано)","Зразок №03 (не налаштовано)","Зразок №03 (не налаштовано)","Зразок №03 (не налаштовано)","Зразок №03 (не налаштовано)",
"str_zp_sample_03_desc","Зразок, підготовлений до аналізу. Опис з'явиться, коли адміністратор опише цей тип у SampleTypes.json.","A sample prepared for analysis. Its description appears once an administrator defines this type in SampleTypes.json.","Зразок, підготовлений до аналізу. Опис з'явиться, коли адміністратор опише цей тип у SampleTypes.json.","Зразок, підготовлений до аналізу. Опис з'явиться, коли адміністратор опише цей тип у SampleTypes.json.","Зразок, підготовлений до аналізу. Опис з'явиться, коли адміністратор опише цей тип у SampleTypes.json.","Зразок, підготовлений до аналізу. Опис з'явиться, коли адміністратор опише цей тип у SampleTypes.json.","Зразок, підготовлений до аналізу. Опис з'явиться, коли адміністратор опише цей тип у SampleTypes.json.","Зразок, підготовлений до аналізу. Опис з'явиться, коли адміністратор опише цей тип у SampleTypes.json.","Зразок, підготовлений до аналізу. Опис з'явиться, коли адміністратор опише цей тип у SampleTypes.json.","Зразок, підготовлений до аналізу. Опис з'явиться, коли адміністратор опише цей тип у SampleTypes.json.","Зразок, підготовлений до аналізу. Опис з'явиться, коли адміністратор опише цей тип у SampleTypes.json.","Зразок, підготовлений до аналізу. Опис з'явиться, коли адміністратор опише цей тип у SampleTypes.json.","Зразок, підготовлений до аналізу. Опис з'явиться, коли адміністратор опише цей тип у SampleTypes.json.","Зразок, підготовлений до аналізу. Опис з'явиться, коли адміністратор опише цей тип у SampleTypes.json.",
"str_zp_sample_04","Зразок №04 (не налаштовано)","Sample #04 (not configured)","Зразок №04 (не налаштовано)","Зразок №04 (не налаштовано)","Зразок №04 (не налаштовано)","Зразок №04 (не налаштовано)","Зразок №04 (не налаштовано)","Зразок №04 (не налаштовано)","Зразок №04 (не налаштовано)","Зразок №04 (не налаштовано)","Зразок №04 (не налаштовано)","Зразок №04 (не налаштовано)","Зразок №04 (не налаштовано)","Зразок №04 (не налаштовано)",
"str_zp_sample_04_desc","Зразок, підготовлений до аналізу. Опис з'явиться, коли адміністратор опише цей тип у SampleTypes.json.","A sample prepared for analysis. Its description appears once an administrator defines this type in SampleTypes.json.","Зразок, підготовлений до аналізу. Опис з'явиться, коли адміністратор опише цей тип у SampleTypes.json.","Зразок, підготовлений до аналізу. Опис з'явиться, коли адміністратор опише цей тип у SampleTypes.json.","Зразок, підготовлений до аналізу. Опис з'явиться, коли адміністратор опише цей тип у SampleTypes.json.","Зразок, підготовлений до аналізу. Опис з'явиться, коли адміністратор опише цей тип у SampleTypes.json.","Зразок, підготовлений до аналізу. Опис з'явиться, коли адміністратор опише цей тип у SampleTypes.json.","Зразок, підготовлений до аналізу. Опис з'явиться, коли адміністратор опише цей тип у SampleTypes.json.","Зразок, підготовлений до аналізу. Опис з'явиться, коли адміністратор опише цей тип у SampleTypes.json.","Зразок, підготовлений до аналізу. Опис з'явиться, коли адміністратор опише цей тип у SampleTypes.json.","Зразок, підготовлений до аналізу. Опис з'явиться, коли адміністратор опише цей тип у SampleTypes.json.","Зразок, підготовлений до аналізу. Опис з'явиться, коли адміністратор опише цей тип у SampleTypes.json.","Зразок, підготовлений до аналізу. Опис з'явиться, коли адміністратор опише цей тип у SampleTypes.json.","Зразок, підготовлений до аналізу. Опис з'явиться, коли адміністратор опише цей тип у SampleTypes.json.",
"str_zp_sample_05","Зразок №05 (не налаштовано)","Sample #05 (not configured)","Зразок №05 (не налаштовано)","Зразок №05 (не налаштовано)","Зразок №05 (не налаштовано)","Зразок №05 (не налаштовано)","Зразок №05 (не налаштовано)","Зразок №05 (не налаштовано)","Зразок №05 (не налаштовано)","Зразок №05 (не налаштовано)","Зразок №05 (не налаштовано)","Зразок №05 (не налаштовано)","Зразок №05 (не налаштовано)","Зразок №05 (не налаштовано)",
"str_zp_sample_05_desc","Зразок, підготовлений до аналізу. Опис з'явиться, коли адміністратор опише цей тип у SampleTypes.json.","A sample prepared for analysis. Its description appears once an administrator defines this type in SampleTypes.json.","Зразок, підготовлений до аналізу. Опис з'явиться, коли адміністратор опише цей тип у SampleTypes.json.","Зразок, підготовлений до аналізу. Опис з'явиться, коли адміністратор опише цей тип у SampleTypes.json.","Зразок, підготовлений до аналізу. Опис з'явиться, коли адміністратор опише цей тип у SampleTypes.json.","Зразок, підготовлений до аналізу. Опис з'явиться, коли адміністратор опише цей тип у SampleTypes.json.","Зразок, підготовлений до аналізу. Опис з'явиться, коли адміністратор опише цей тип у SampleTypes.json.","Зразок, підготовлений до аналізу. Опис з'явиться, коли адміністратор опише цей тип у SampleTypes.json.","Зразок, підготовлений до аналізу. Опис з'явиться, коли адміністратор опише цей тип у SampleTypes.json.","Зразок, підготовлений до аналізу. Опис з'явиться, коли адміністратор опише цей тип у SampleTypes.json.","Зразок, підготовлений до аналізу. Опис з'явиться, коли адміністратор опише цей тип у SampleTypes.json.","Зразок, підготовлений до аналізу. Опис з'явиться, коли адміністратор опише цей тип у SampleTypes.json.","Зразок, підготовлений до аналізу. Опис з'явиться, коли адміністратор опише цей тип у SampleTypes.json.","Зразок, підготовлений до аналізу. Опис з'явиться, коли адміністратор опише цей тип у SampleTypes.json.",
"str_zp_sample_06","Зразок №06 (не налаштовано)","Sample #06 (not configured)","Зразок №06 (не налаштовано)","Зразок №06 (не налаштовано)","Зразок №06 (не налаштовано)","Зразок №06 (не налаштовано)","Зразок №06 (не налаштовано)","Зразок №06 (не налаштовано)","Зразок №06 (не налаштовано)","Зразок №06 (не налаштовано)","Зразок №06 (не налаштовано)","Зразок №06 (не налаштовано)","Зразок №06 (не налаштовано)","Зразок №06 (не налаштовано)",
"str_zp_sample_06_desc","Зразок, підготовлений до аналізу. Опис з'явиться, коли адміністратор опише цей тип у SampleTypes.json.","A sample prepared for analysis. Its description appears once an administrator defines this type in SampleTypes.json.","Зразок, підготовлений до аналізу. Опис з'явиться, коли адміністратор опише цей тип у SampleTypes.json.","Зразок, підготовлений до аналізу. Опис з'явиться, коли адміністратор опише цей тип у SampleTypes.json.","Зразок, підготовлений до аналізу. Опис з'явиться, коли адміністратор опише цей тип у SampleTypes.json.","Зразок, підготовлений до аналізу. Опис з'явиться, коли адміністратор опише цей тип у SampleTypes.json.","Зразок, підготовлений до аналізу. Опис з'явиться, коли адміністратор опише цей тип у SampleTypes.json.","Зразок, підготовлений до аналізу. Опис з'явиться, коли адміністратор опише цей тип у SampleTypes.json.","Зразок, підготовлений до аналізу. Опис з'явиться, коли адміністратор опише цей тип у SampleTypes.json.","Зразок, підготовлений до аналізу. Опис з'явиться, коли адміністратор опише цей тип у SampleTypes.json.","Зразок, підготовлений до аналізу. Опис з'явиться, коли адміністратор опише цей тип у SampleTypes.json.","Зразок, підготовлений до аналізу. Опис з'явиться, коли адміністратор опише цей тип у SampleTypes.json.","Зразок, підготовлений до аналізу. Опис з'явиться, коли адміністратор опише цей тип у SampleTypes.json.","Зразок, підготовлений до аналізу. Опис з'явиться, коли адміністратор опише цей тип у SampleTypes.json.",
"str_zp_sample_07","Зразок №07 (не налаштовано)","Sample #07 (not configured)","Зразок №07 (не налаштовано)","Зразок №07 (не налаштовано)","Зразок №07 (не налаштовано)","Зразок №07 (не налаштовано)","Зразок №07 (не налаштовано)","Зразок №07 (не налаштовано)","Зразок №07 (не налаштовано)","Зразок №07 (не налаштовано)","Зразок №07 (не налаштовано)","Зразок №07 (не налаштовано)","Зразок №07 (не налаштовано)","Зразок №07 (не налаштовано)",
"str_zp_sample_07_desc","Зразок, підготовлений до аналізу. Опис з'явиться, коли адміністратор опише цей тип у SampleTypes.json.","A sample prepared for analysis. Its description appears once an administrator defines this type in SampleTypes.json.","Зразок, підготовлений до аналізу. Опис з'явиться, коли адміністратор опише цей тип у SampleTypes.json.","Зразок, підготовлений до аналізу. Опис з'явиться, коли адміністратор опише цей тип у SampleTypes.json.","Зразок, підготовлений до аналізу. Опис з'явиться, коли адміністратор опише цей тип у SampleTypes.json.","Зразок, підготовлений до аналізу. Опис з'явиться, коли адміністратор опише цей тип у SampleTypes.json.","Зразок, підготовлений до аналізу. Опис з'явиться, коли адміністратор опише цей тип у SampleTypes.json.","Зразок, підготовлений до аналізу. Опис з'явиться, коли адміністратор опише цей тип у SampleTypes.json.","Зразок, підготовлений до аналізу. Опис з'явиться, коли адміністратор опише цей тип у SampleTypes.json.","Зразок, підготовлений до аналізу. Опис з'явиться, коли адміністратор опише цей тип у SampleTypes.json.","Зразок, підготовлений до аналізу. Опис з'явиться, коли адміністратор опише цей тип у SampleTypes.json.","Зразок, підготовлений до аналізу. Опис з'явиться, коли адміністратор опише цей тип у SampleTypes.json.","Зразок, підготовлений до аналізу. Опис з'явиться, коли адміністратор опише цей тип у SampleTypes.json.","Зразок, підготовлений до аналізу. Опис з'явиться, коли адміністратор опише цей тип у SampleTypes.json.",
"str_zp_sample_08","Зразок №08 (не налаштовано)","Sample #08 (not configured)","Зразок №08 (не налаштовано)","Зразок №08 (не налаштовано)","Зразок №08 (не налаштовано)","Зразок №08 (не налаштовано)","Зразок №08 (не налаштовано)","Зразок №08 (не налаштовано)","Зразок №08 (не налаштовано)","Зразок №08 (не налаштовано)","Зразок №08 (не налаштовано)","Зразок №08 (не налаштовано)","Зразок №08 (не налаштовано)","Зразок №08 (не налаштовано)",
"str_zp_sample_08_desc","Зразок, підготовлений до аналізу. Опис з'явиться, коли адміністратор опише цей тип у SampleTypes.json.","A sample prepared for analysis. Its description appears once an administrator defines this type in SampleTypes.json.","Зразок, підготовлений до аналізу. Опис з'явиться, коли адміністратор опише цей тип у SampleTypes.json.","Зразок, підготовлений до аналізу. Опис з'явиться, коли адміністратор опише цей тип у SampleTypes.json.","Зразок, підготовлений до аналізу. Опис з'явиться, коли адміністратор опише цей тип у SampleTypes.json.","Зразок, підготовлений до аналізу. Опис з'явиться, коли адміністратор опише цей тип у SampleTypes.json.","Зразок, підготовлений до аналізу. Опис з'явиться, коли адміністратор опише цей тип у SampleTypes.json.","Зразок, підготовлений до аналізу. Опис з'явиться, коли адміністратор опише цей тип у SampleTypes.json.","Зразок, підготовлений до аналізу. Опис з'явиться, коли адміністратор опише цей тип у SampleTypes.json.","Зразок, підготовлений до аналізу. Опис з'явиться, коли адміністратор опише цей тип у SampleTypes.json.","Зразок, підготовлений до аналізу. Опис з'явиться, коли адміністратор опише цей тип у SampleTypes.json.","Зразок, підготовлений до аналізу. Опис з'явиться, коли адміністратор опише цей тип у SampleTypes.json.","Зразок, підготовлений до аналізу. Опис з'явиться, коли адміністратор опише цей тип у SampleTypes.json.","Зразок, підготовлений до аналізу. Опис з'явиться, коли адміністратор опише цей тип у SampleTypes.json.",
"str_zp_sample_09","Зразок №09 (не налаштовано)","Sample #09 (not configured)","Зразок №09 (не налаштовано)","Зразок №09 (не налаштовано)","Зразок №09 (не налаштовано)","Зразок №09 (не налаштовано)","Зразок №09 (не налаштовано)","Зразок №09 (не налаштовано)","Зразок №09 (не налаштовано)","Зразок №09 (не налаштовано)","Зразок №09 (не налаштовано)","Зразок №09 (не налаштовано)","Зразок №09 (не налаштовано)","Зразок №09 (не налаштовано)",
"str_zp_sample_09_desc","Зразок, підготовлений до аналізу. Опис з'явиться, коли адміністратор опише цей тип у SampleTypes.json.","A sample prepared for analysis. Its description appears once an administrator defines this type in SampleTypes.json.","Зразок, підготовлений до аналізу. Опис з'явиться, коли адміністратор опише цей тип у SampleTypes.json.","Зразок, підготовлений до аналізу. Опис з'явиться, коли адміністратор опише цей тип у SampleTypes.json.","Зразок, підготовлений до аналізу. Опис з'явиться, коли адміністратор опише цей тип у SampleTypes.json.","Зразок, підготовлений до аналізу. Опис з'явиться, коли адміністратор опише цей тип у SampleTypes.json.","Зразок, підготовлений до аналізу. Опис з'явиться, коли адміністратор опише цей тип у SampleTypes.json.","Зразок, підготовлений до аналізу. Опис з'явиться, коли адміністратор опише цей тип у SampleTypes.json.","Зразок, підготовлений до аналізу. Опис з'явиться, коли адміністратор опише цей тип у SampleTypes.json.","Зразок, підготовлений до аналізу. Опис з'явиться, коли адміністратор опише цей тип у SampleTypes.json.","Зразок, підготовлений до аналізу. Опис з'явиться, коли адміністратор опише цей тип у SampleTypes.json.","Зразок, підготовлений до аналізу. Опис з'явиться, коли адміністратор опише цей тип у SampleTypes.json.","Зразок, підготовлений до аналізу. Опис з'явиться, коли адміністратор опише цей тип у SampleTypes.json.","Зразок, підготовлений до аналізу. Опис з'явиться, коли адміністратор опише цей тип у SampleTypes.json.",
"str_zp_sample_10","Зразок №10 (не налаштовано)","Sample #10 (not configured)","Зразок №10 (не налаштовано)","Зразок №10 (не налаштовано)","Зразок №10 (не налаштовано)","Зразок №10 (не налаштовано)","Зразок №10 (не налаштовано)","Зразок №10 (не налаштовано)","Зразок №10 (не налаштовано)","Зразок №10 (не налаштовано)","Зразок №10 (не налаштовано)","Зразок №10 (не налаштовано)","Зразок №10 (не налаштовано)","Зразок №10 (не налаштовано)",
"str_zp_sample_10_desc","Зразок, підготовлений до аналізу. Опис з'явиться, коли адміністратор опише цей тип у SampleTypes.json.","A sample prepared for analysis. Its description appears once an administrator defines this type in SampleTypes.json.","Зразок, підготовлений до аналізу. Опис з'явиться, коли адміністратор опише цей тип у SampleTypes.json.","Зразок, підготовлений до аналізу. Опис з'явиться, коли адміністратор опише цей тип у SampleTypes.json.","Зразок, підготовлений до аналізу. Опис з'явиться, коли адміністратор опише цей тип у SampleTypes.json.","Зразок, підготовлений до аналізу. Опис з'явиться, коли адміністратор опише цей тип у SampleTypes.json.","Зразок, підготовлений до аналізу. Опис з'явиться, коли адміністратор опише цей тип у SampleTypes.json.","Зразок, підготовлений до аналізу. Опис з'явиться, коли адміністратор опише цей тип у SampleTypes.json.","Зразок, підготовлений до аналізу. Опис з'явиться, коли адміністратор опише цей тип у SampleTypes.json.","Зразок, підготовлений до аналізу. Опис з'явиться, коли адміністратор опише цей тип у SampleTypes.json.","Зразок, підготовлений до аналізу. Опис з'явиться, коли адміністратор опише цей тип у SampleTypes.json.","Зразок, підготовлений до аналізу. Опис з'явиться, коли адміністратор опише цей тип у SampleTypes.json.","Зразок, підготовлений до аналізу. Опис з'явиться, коли адміністратор опише цей тип у SampleTypes.json.","Зразок, підготовлений до аналізу. Опис з'явиться, коли адміністратор опише цей тип у SampleTypes.json.",
"str_zp_sample_11","Зразок №11 (не налаштовано)","Sample #11 (not configured)","Зразок №11 (не налаштовано)","Зразок №11 (не налаштовано)","Зразок №11 (не налаштовано)","Зразок №11 (не налаштовано)","Зразок №11 (не налаштовано)","Зразок №11 (не налаштовано)","Зразок №11 (не налаштовано)","Зразок №11 (не налаштовано)","Зразок №11 (не налаштовано)","Зразок №11 (не налаштовано)","Зразок №11 (не налаштовано)","Зразок №11 (не налаштовано)",
"str_zp_sample_11_desc","Зразок, підготовлений до аналізу. Опис з'явиться, коли адміністратор опише цей тип у SampleTypes.json.","A sample prepared for analysis. Its description appears once an administrator defines this type in SampleTypes.json.","Зразок, підготовлений до аналізу. Опис з'явиться, коли адміністратор опише цей тип у SampleTypes.json.","Зразок, підготовлений до аналізу. Опис з'явиться, коли адміністратор опише цей тип у SampleTypes.json.","Зразок, підготовлений до аналізу. Опис з'явиться, коли адміністратор опише цей тип у SampleTypes.json.","Зразок, підготовлений до аналізу. Опис з'явиться, коли адміністратор опише цей тип у SampleTypes.json.","Зразок, підготовлений до аналізу. Опис з'явиться, коли адміністратор опише цей тип у SampleTypes.json.","Зразок, підготовлений до аналізу. Опис з'явиться, коли адміністратор опише цей тип у SampleTypes.json.","Зразок, підготовлений до аналізу. Опис з'явиться, коли адміністратор опише цей тип у SampleTypes.json.","Зразок, підготовлений до аналізу. Опис з'явиться, коли адміністратор опише цей тип у SampleTypes.json.","Зразок, підготовлений до аналізу. Опис з'явиться, коли адміністратор опише цей тип у SampleTypes.json.","Зразок, підготовлений до аналізу. Опис з'явиться, коли адміністратор опише цей тип у SampleTypes.json.","Зразок, підготовлений до аналізу. Опис з'явиться, коли адміністратор опише цей тип у SampleTypes.json.","Зразок, підготовлений до аналізу. Опис з'явиться, коли адміністратор опише цей тип у SampleTypes.json.",
"str_zp_sample_12","Зразок №12 (не налаштовано)","Sample #12 (not configured)","Зразок №12 (не налаштовано)","Зразок №12 (не налаштовано)","Зразок №12 (не налаштовано)","Зразок №12 (не налаштовано)","Зразок №12 (не налаштовано)","Зразок №12 (не налаштовано)","Зразок №12 (не налаштовано)","Зразок №12 (не налаштовано)","Зразок №12 (не налаштовано)","Зразок №12 (не налаштовано)","Зразок №12 (не налаштовано)","Зразок №12 (не налаштовано)",
"str_zp_sample_12_desc","Зразок, підготовлений до аналізу. Опис з'явиться, коли адміністратор опише цей тип у SampleTypes.json.","A sample prepared for analysis. Its description appears once an administrator defines this type in SampleTypes.json.","Зразок, підготовлений до аналізу. Опис з'явиться, коли адміністратор опише цей тип у SampleTypes.json.","Зразок, підготовлений до аналізу. Опис з'явиться, коли адміністратор опише цей тип у SampleTypes.json.","Зразок, підготовлений до аналізу. Опис з'явиться, коли адміністратор опише цей тип у SampleTypes.json.","Зразок, підготовлений до аналізу. Опис з'явиться, коли адміністратор опише цей тип у SampleTypes.json.","Зразок, підготовлений до аналізу. Опис з'явиться, коли адміністратор опише цей тип у SampleTypes.json.","Зразок, підготовлений до аналізу. Опис з'явиться, коли адміністратор опише цей тип у SampleTypes.json.","Зразок, підготовлений до аналізу. Опис з'явиться, коли адміністратор опише цей тип у SampleTypes.json.","Зразок, підготовлений до аналізу. Опис з'явиться, коли адміністратор опише цей тип у SampleTypes.json.","Зразок, підготовлений до аналізу. Опис з'явиться, коли адміністратор опише цей тип у SampleTypes.json.","Зразок, підготовлений до аналізу. Опис з'явиться, коли адміністратор опише цей тип у SampleTypes.json.","Зразок, підготовлений до аналізу. Опис з'явиться, коли адміністратор опише цей тип у SampleTypes.json.","Зразок, підготовлений до аналізу. Опис з'явиться, коли адміністратор опише цей тип у SampleTypes.json.",
"str_zp_sample_13","Зразок №13 (не налаштовано)","Sample #13 (not configured)","Зразок №13 (не налаштовано)","Зразок №13 (не налаштовано)","Зразок №13 (не налаштовано)","Зразок №13 (не налаштовано)","Зразок №13 (не налаштовано)","Зразок №13 (не налаштовано)","Зразок №13 (не налаштовано)","Зразок №13 (не налаштовано)","Зразок №13 (не налаштовано)","Зразок №13 (не налаштовано)","Зразок №13 (не налаштовано)","Зразок №13 (не налаштовано)",
"str_zp_sample_13_desc","Зразок, підготовлений до аналізу. Опис з'явиться, коли адміністратор опише цей тип у SampleTypes.json.","A sample prepared for analysis. Its description appears once an administrator defines this type in SampleTypes.json.","Зразок, підготовлений до аналізу. Опис з'явиться, коли адміністратор опише цей тип у SampleTypes.json.","Зразок, підготовлений до аналізу. Опис з'явиться, коли адміністратор опише цей тип у SampleTypes.json.","Зразок, підготовлений до аналізу. Опис з'явиться, коли адміністратор опише цей тип у SampleTypes.json.","Зразок, підготовлений до аналізу. Опис з'явиться, коли адміністратор опише цей тип у SampleTypes.json.","Зразок, підготовлений до аналізу. Опис з'явиться, коли адміністратор опише цей тип у SampleTypes.json.","Зразок, підготовлений до аналізу. Опис з'явиться, коли адміністратор опише цей тип у SampleTypes.json.","Зразок, підготовлений до аналізу. Опис з'явиться, коли адміністратор опише цей тип у SampleTypes.json.","Зразок, підготовлений до аналізу. Опис з'явиться, коли адміністратор опише цей тип у SampleTypes.json.","Зразок, підготовлений до аналізу. Опис з'явиться, коли адміністратор опише цей тип у SampleTypes.json.","Зразок, підготовлений до аналізу. Опис з'явиться, коли адміністратор опише цей тип у SampleTypes.json.","Зразок, підготовлений до аналізу. Опис з'явиться, коли адміністратор опише цей тип у SampleTypes.json.","Зразок, підготовлений до аналізу. Опис з'явиться, коли адміністратор опише цей тип у SampleTypes.json.",
"str_zp_sample_14","Зразок №14 (не налаштовано)","Sample #14 (not configured)","Зразок №14 (не налаштовано)","Зразок №14 (не налаштовано)","Зразок №14 (не налаштовано)","Зразок №14 (не налаштовано)","Зразок №14 (не налаштовано)","Зразок №14 (не налаштовано)","Зразок №14 (не налаштовано)","Зразок №14 (не налаштовано)","Зразок №14 (не налаштовано)","Зразок №14 (не налаштовано)","Зразок №14 (не налаштовано)","Зразок №14 (не налаштовано)",
"str_zp_sample_14_desc","Зразок, підготовлений до аналізу. Опис з'явиться, коли адміністратор опише цей тип у SampleTypes.json.","A sample prepared for analysis. Its description appears once an administrator defines this type in SampleTypes.json.","Зразок, підготовлений до аналізу. Опис з'явиться, коли адміністратор опише цей тип у SampleTypes.json.","Зразок, підготовлений до аналізу. Опис з'явиться, коли адміністратор опише цей тип у SampleTypes.json.","Зразок, підготовлений до аналізу. Опис з'явиться, коли адміністратор опише цей тип у SampleTypes.json.","Зразок, підготовлений до аналізу. Опис з'явиться, коли адміністратор опише цей тип у SampleTypes.json.","Зразок, підготовлений до аналізу. Опис з'явиться, коли адміністратор опише цей тип у SampleTypes.json.","Зразок, підготовлений до аналізу. Опис з'явиться, коли адміністратор опише цей тип у SampleTypes.json.","Зразок, підготовлений до аналізу. Опис з'явиться, коли адміністратор опише цей тип у SampleTypes.json.","Зразок, підготовлений до аналізу. Опис з'явиться, коли адміністратор опише цей тип у SampleTypes.json.","Зразок, підготовлений до аналізу. Опис з'явиться, коли адміністратор опише цей тип у SampleTypes.json.","Зразок, підготовлений до аналізу. Опис з'явиться, коли адміністратор опише цей тип у SampleTypes.json.","Зразок, підготовлений до аналізу. Опис з'явиться, коли адміністратор опише цей тип у SampleTypes.json.","Зразок, підготовлений до аналізу. Опис з'явиться, коли адміністратор опише цей тип у SampleTypes.json.",
"str_zp_sample_15","Зразок №15 (не налаштовано)","Sample #15 (not configured)","Зразок №15 (не налаштовано)","Зразок №15 (не налаштовано)","Зразок №15 (не налаштовано)","Зразок №15 (не налаштовано)","Зразок №15 (не налаштовано)","Зразок №15 (не налаштовано)","Зразок №15 (не налаштовано)","Зразок №15 (не налаштовано)","Зразок №15 (не налаштовано)","Зразок №15 (не налаштовано)","Зразок №15 (не налаштовано)","Зразок №15 (не налаштовано)",
"str_zp_sample_15_desc","Зразок, підготовлений до аналізу. Опис з'явиться, коли адміністратор опише цей тип у SampleTypes.json.","A sample prepared for analysis. Its description appears once an administrator defines this type in SampleTypes.json.","Зразок, підготовлений до аналізу. Опис з'явиться, коли адміністратор опише цей тип у SampleTypes.json.","Зразок, підготовлений до аналізу. Опис з'явиться, коли адміністратор опише цей тип у SampleTypes.json.","Зразок, підготовлений до аналізу. Опис з'явиться, коли адміністратор опише цей тип у SampleTypes.json.","Зразок, підготовлений до аналізу. Опис з'явиться, коли адміністратор опише цей тип у SampleTypes.json.","Зразок, підготовлений до аналізу. Опис з'явиться, коли адміністратор опише цей тип у SampleTypes.json.","Зразок, підготовлений до аналізу. Опис з'явиться, коли адміністратор опише цей тип у SampleTypes.json.","Зразок, підготовлений до аналізу. Опис з'явиться, коли адміністратор опише цей тип у SampleTypes.json.","Зразок, підготовлений до аналізу. Опис з'явиться, коли адміністратор опише цей тип у SampleTypes.json.","Зразок, підготовлений до аналізу. Опис з'явиться, коли адміністратор опише цей тип у SampleTypes.json.","Зразок, підготовлений до аналізу. Опис з'явиться, коли адміністратор опише цей тип у SampleTypes.json.","Зразок, підготовлений до аналізу. Опис з'явиться, коли адміністратор опише цей тип у SampleTypes.json.","Зразок, підготовлений до аналізу. Опис з'явиться, коли адміністратор опише цей тип у SampleTypes.json.",
"str_zp_sample_16","Зразок №16 (не налаштовано)","Sample #16 (not configured)","Зразок №16 (не налаштовано)","Зразок №16 (не налаштовано)","Зразок №16 (не налаштовано)","Зразок №16 (не налаштовано)","Зразок №16 (не налаштовано)","Зразок №16 (не налаштовано)","Зразок №16 (не налаштовано)","Зразок №16 (не налаштовано)","Зразок №16 (не налаштовано)","Зразок №16 (не налаштовано)","Зразок №16 (не налаштовано)","Зразок №16 (не налаштовано)",
"str_zp_sample_16_desc","Зразок, підготовлений до аналізу. Опис з'явиться, коли адміністратор опише цей тип у SampleTypes.json.","A sample prepared for analysis. Its description appears once an administrator defines this type in SampleTypes.json.","Зразок, підготовлений до аналізу. Опис з'явиться, коли адміністратор опише цей тип у SampleTypes.json.","Зразок, підготовлений до аналізу. Опис з'явиться, коли адміністратор опише цей тип у SampleTypes.json.","Зразок, підготовлений до аналізу. Опис з'явиться, коли адміністратор опише цей тип у SampleTypes.json.","Зразок, підготовлений до аналізу. Опис з'явиться, коли адміністратор опише цей тип у SampleTypes.json.","Зразок, підготовлений до аналізу. Опис з'явиться, коли адміністратор опише цей тип у SampleTypes.json.","Зразок, підготовлений до аналізу. Опис з'явиться, коли адміністратор опише цей тип у SampleTypes.json.","Зразок, підготовлений до аналізу. Опис з'явиться, коли адміністратор опише цей тип у SampleTypes.json.","Зразок, підготовлений до аналізу. Опис з'явиться, коли адміністратор опише цей тип у SampleTypes.json.","Зразок, підготовлений до аналізу. Опис з'явиться, коли адміністратор опише цей тип у SampleTypes.json.","Зразок, підготовлений до аналізу. Опис з'явиться, коли адміністратор опише цей тип у SampleTypes.json.","Зразок, підготовлений до аналізу. Опис з'явиться, коли адміністратор опише цей тип у SampleTypes.json.","Зразок, підготовлений до аналізу. Опис з'явиться, коли адміністратор опише цей тип у SampleTypes.json.",
"str_zp_sample_17","Зразок №17 (не налаштовано)","Sample #17 (not configured)","Зразок №17 (не налаштовано)","Зразок №17 (не налаштовано)","Зразок №17 (не налаштовано)","Зразок №17 (не налаштовано)","Зразок №17 (не налаштовано)","Зразок №17 (не налаштовано)","Зразок №17 (не налаштовано)","Зразок №17 (не налаштовано)","Зразок №17 (не налаштовано)","Зразок №17 (не налаштовано)","Зразок №17 (не налаштовано)","Зразок №17 (не налаштовано)",
"str_zp_sample_17_desc","Зразок, підготовлений до аналізу. Опис з'явиться, коли адміністратор опише цей тип у SampleTypes.json.","A sample prepared for analysis. Its description appears once an administrator defines this type in SampleTypes.json.","Зразок, підготовлений до аналізу. Опис з'явиться, коли адміністратор опише цей тип у SampleTypes.json.","Зразок, підготовлений до аналізу. Опис з'явиться, коли адміністратор опише цей тип у SampleTypes.json.","Зразок, підготовлений до аналізу. Опис з'явиться, коли адміністратор опише цей тип у SampleTypes.json.","Зразок, підготовлений до аналізу. Опис з'явиться, коли адміністратор опише цей тип у SampleTypes.json.","Зразок, підготовлений до аналізу. Опис з'явиться, коли адміністратор опише цей тип у SampleTypes.json.","Зразок, підготовлений до аналізу. Опис з'явиться, коли адміністратор опише цей тип у SampleTypes.json.","Зразок, підготовлений до аналізу. Опис з'явиться, коли адміністратор опише цей тип у SampleTypes.json.","Зразок, підготовлений до аналізу. Опис з'явиться, коли адміністратор опише цей тип у SampleTypes.json.","Зразок, підготовлений до аналізу. Опис з'явиться, коли адміністратор опише цей тип у SampleTypes.json.","Зразок, підготовлений до аналізу. Опис з'явиться, коли адміністратор опише цей тип у SampleTypes.json.","Зразок, підготовлений до аналізу. Опис з'явиться, коли адміністратор опише цей тип у SampleTypes.json.","Зразок, підготовлений до аналізу. Опис з'явиться, коли адміністратор опише цей тип у SampleTypes.json.",
"str_zp_sample_18","Зразок №18 (не налаштовано)","Sample #18 (not configured)","Зразок №18 (не налаштовано)","Зразок №18 (не налаштовано)","Зразок №18 (не налаштовано)","Зразок №18 (не налаштовано)","Зразок №18 (не налаштовано)","Зразок №18 (не налаштовано)","Зразок №18 (не налаштовано)","Зразок №18 (не налаштовано)","Зразок №18 (не налаштовано)","Зразок №18 (не налаштовано)","Зразок №18 (не налаштовано)","Зразок №18 (не налаштовано)",
"str_zp_sample_18_desc","Зразок, підготовлений до аналізу. Опис з'явиться, коли адміністратор опише цей тип у SampleTypes.json.","A sample prepared for analysis. Its description appears once an administrator defines this type in SampleTypes.json.","Зразок, підготовлений до аналізу. Опис з'явиться, коли адміністратор опише цей тип у SampleTypes.json.","Зразок, підготовлений до аналізу. Опис з'явиться, коли адміністратор опише цей тип у SampleTypes.json.","Зразок, підготовлений до аналізу. Опис з'явиться, коли адміністратор опише цей тип у SampleTypes.json.","Зразок, підготовлений до аналізу. Опис з'явиться, коли адміністратор опише цей тип у SampleTypes.json.","Зразок, підготовлений до аналізу. Опис з'явиться, коли адміністратор опише цей тип у SampleTypes.json.","Зразок, підготовлений до аналізу. Опис з'явиться, коли адміністратор опише цей тип у SampleTypes.json.","Зразок, підготовлений до аналізу. Опис з'явиться, коли адміністратор опише цей тип у SampleTypes.json.","Зразок, підготовлений до аналізу. Опис з'явиться, коли адміністратор опише цей тип у SampleTypes.json.","Зразок, підготовлений до аналізу. Опис з'явиться, коли адміністратор опише цей тип у SampleTypes.json.","Зразок, підготовлений до аналізу. Опис з'явиться, коли адміністратор опише цей тип у SampleTypes.json.","Зразок, підготовлений до аналізу. Опис з'явиться, коли адміністратор опише цей тип у SampleTypes.json.","Зразок, підготовлений до аналізу. Опис з'явиться, коли адміністратор опише цей тип у SampleTypes.json.",
"str_zp_sample_19","Зразок №19 (не налаштовано)","Sample #19 (not configured)","Зразок №19 (не налаштовано)","Зразок №19 (не налаштовано)","Зразок №19 (не налаштовано)","Зразок №19 (не налаштовано)","Зразок №19 (не налаштовано)","Зразок №19 (не налаштовано)","Зразок №19 (не налаштовано)","Зразок №19 (не налаштовано)","Зразок №19 (не налаштовано)","Зразок №19 (не налаштовано)","Зразок №19 (не налаштовано)","Зразок №19 (не налаштовано)",
"str_zp_sample_19_desc","Зразок, підготовлений до аналізу. Опис з'явиться, коли адміністратор опише цей тип у SampleTypes.json.","A sample prepared for analysis. Its description appears once an administrator defines this type in SampleTypes.json.","Зразок, підготовлений до аналізу. Опис з'явиться, коли адміністратор опише цей тип у SampleTypes.json.","Зразок, підготовлений до аналізу. Опис з'явиться, коли адміністратор опише цей тип у SampleTypes.json.","Зразок, підготовлений до аналізу. Опис з'явиться, коли адміністратор опише цей тип у SampleTypes.json.","Зразок, підготовлений до аналізу. Опис з'явиться, коли адміністратор опише цей тип у SampleTypes.json.","Зразок, підготовлений до аналізу. Опис з'явиться, коли адміністратор опише цей тип у SampleTypes.json.","Зразок, підготовлений до аналізу. Опис з'явиться, коли адміністратор опише цей тип у SampleTypes.json.","Зразок, підготовлений до аналізу. Опис з'явиться, коли адміністратор опише цей тип у SampleTypes.json.","Зразок, підготовлений до аналізу. Опис з'явиться, коли адміністратор опише цей тип у SampleTypes.json.","Зразок, підготовлений до аналізу. Опис з'явиться, коли адміністратор опише цей тип у SampleTypes.json.","Зразок, підготовлений до аналізу. Опис з'явиться, коли адміністратор опише цей тип у SampleTypes.json.","Зразок, підготовлений до аналізу. Опис з'явиться, коли адміністратор опише цей тип у SampleTypes.json.","Зразок, підготовлений до аналізу. Опис з'явиться, коли адміністратор опише цей тип у SampleTypes.json.",
"str_zp_sample_20","Зразок №20 (не налаштовано)","Sample #20 (not configured)","Зразок №20 (не налаштовано)","Зразок №20 (не налаштовано)","Зразок №20 (не налаштовано)","Зразок №20 (не налаштовано)","Зразок №20 (не налаштовано)","Зразок №20 (не налаштовано)","Зразок №20 (не налаштовано)","Зразок №20 (не налаштовано)","Зразок №20 (не налаштовано)","Зразок №20 (не налаштовано)","Зразок №20 (не налаштовано)","Зразок №20 (не налаштовано)",
"str_zp_sample_20_desc","Зразок, підготовлений до аналізу. Опис з'явиться, коли адміністратор опише цей тип у SampleTypes.json.","A sample prepared for analysis. Its description appears once an administrator defines this type in SampleTypes.json.","Зразок, підготовлений до аналізу. Опис з'явиться, коли адміністратор опише цей тип у SampleTypes.json.","Зразок, підготовлений до аналізу. Опис з'явиться, коли адміністратор опише цей тип у SampleTypes.json.","Зразок, підготовлений до аналізу. Опис з'явиться, коли адміністратор опише цей тип у SampleTypes.json.","Зразок, підготовлений до аналізу. Опис з'явиться, коли адміністратор опише цей тип у SampleTypes.json.","Зразок, підготовлений до аналізу. Опис з'явиться, коли адміністратор опише цей тип у SampleTypes.json.","Зразок, підготовлений до аналізу. Опис з'явиться, коли адміністратор опише цей тип у SampleTypes.json.","Зразок, підготовлений до аналізу. Опис з'явиться, коли адміністратор опише цей тип у SampleTypes.json.","Зразок, підготовлений до аналізу. Опис з'явиться, коли адміністратор опише цей тип у SampleTypes.json.","Зразок, підготовлений до аналізу. Опис з'явиться, коли адміністратор опише цей тип у SampleTypes.json.","Зразок, підготовлений до аналізу. Опис з'явиться, коли адміністратор опише цей тип у SampleTypes.json.","Зразок, підготовлений до аналізу. Опис з'явиться, коли адміністратор опише цей тип у SampleTypes.json.","Зразок, підготовлений до аналізу. Опис з'явиться, коли адміністратор опише цей тип у SampleTypes.json.",
"str_zp_sample_21","Зразок №21 (не налаштовано)","Sample #21 (not configured)","Зразок №21 (не налаштовано)","Зразок №21 (не налаштовано)","Зразок №21 (не налаштовано)","Зразок №21 (не налаштовано)","Зразок №21 (не налаштовано)","Зразок №21 (не налаштовано)","Зразок №21 (не налаштовано)","Зразок №21 (не налаштовано)","Зразок №21 (не налаштовано)","Зразок №21 (не налаштовано)","Зразок №21 (не налаштовано)","Зразок №21 (не налаштовано)",
"str_zp_sample_21_desc","Зразок, підготовлений до аналізу. Опис з'явиться, коли адміністратор опише цей тип у SampleTypes.json.","A sample prepared for analysis. Its description appears once an administrator defines this type in SampleTypes.json.","Зразок, підготовлений до аналізу. Опис з'явиться, коли адміністратор опише цей тип у SampleTypes.json.","Зразок, підготовлений до аналізу. Опис з'явиться, коли адміністратор опише цей тип у SampleTypes.json.","Зразок, підготовлений до аналізу. Опис з'явиться, коли адміністратор опише цей тип у SampleTypes.json.","Зразок, підготовлений до аналізу. Опис з'явиться, коли адміністратор опише цей тип у SampleTypes.json.","Зразок, підготовлений до аналізу. Опис з'явиться, коли адміністратор опише цей тип у SampleTypes.json.","Зразок, підготовлений до аналізу. Опис з'явиться, коли адміністратор опише цей тип у SampleTypes.json.","Зразок, підготовлений до аналізу. Опис з'явиться, коли адміністратор опише цей тип у SampleTypes.json.","Зразок, підготовлений до аналізу. Опис з'явиться, коли адміністратор опише цей тип у SampleTypes.json.","Зразок, підготовлений до аналізу. Опис з'явиться, коли адміністратор опише цей тип у SampleTypes.json.","Зразок, підготовлений до аналізу. Опис з'явиться, коли адміністратор опише цей тип у SampleTypes.json.","Зразок, підготовлений до аналізу. Опис з'явиться, коли адміністратор опише цей тип у SampleTypes.json.","Зразок, підготовлений до аналізу. Опис з'явиться, коли адміністратор опише цей тип у SampleTypes.json.",
"str_zp_sample_22","Зразок №22 (не налаштовано)","Sample #22 (not configured)","Зразок №22 (не налаштовано)","Зразок №22 (не налаштовано)","Зразок №22 (не налаштовано)","Зразок №22 (не налаштовано)","Зразок №22 (не налаштовано)","Зразок №22 (не налаштовано)","Зразок №22 (не налаштовано)","Зразок №22 (не налаштовано)","Зразок №22 (не налаштовано)","Зразок №22 (не налаштовано)","Зразок №22 (не налаштовано)","Зразок №22 (не налаштовано)",
"str_zp_sample_22_desc","Зразок, підготовлений до аналізу. Опис з'явиться, коли адміністратор опише цей тип у SampleTypes.json.","A sample prepared for analysis. Its description appears once an administrator defines this type in SampleTypes.json.","Зразок, підготовлений до аналізу. Опис з'явиться, коли адміністратор опише цей тип у SampleTypes.json.","Зразок, підготовлений до аналізу. Опис з'явиться, коли адміністратор опише цей тип у SampleTypes.json.","Зразок, підготовлений до аналізу. Опис з'явиться, коли адміністратор опише цей тип у SampleTypes.json.","Зразок, підготовлений до аналізу. Опис з'явиться, коли адміністратор опише цей тип у SampleTypes.json.","Зразок, підготовлений до аналізу. Опис з'явиться, коли адміністратор опише цей тип у SampleTypes.json.","Зразок, підготовлений до аналізу. Опис з'явиться, коли адміністратор опише цей тип у SampleTypes.json.","Зразок, підготовлений до аналізу. Опис з'явиться, коли адміністратор опише цей тип у SampleTypes.json.","Зразок, підготовлений до аналізу. Опис з'явиться, коли адміністратор опише цей тип у SampleTypes.json.","Зразок, підготовлений до аналізу. Опис з'явиться, коли адміністратор опише цей тип у SampleTypes.json.","Зразок, підготовлений до аналізу. Опис з'явиться, коли адміністратор опише цей тип у SampleTypes.json.","Зразок, підготовлений до аналізу. Опис з'явиться, коли адміністратор опише цей тип у SampleTypes.json.","Зразок, підготовлений до аналізу. Опис з'явиться, коли адміністратор опише цей тип у SampleTypes.json.",
"str_zp_sample_23","Зразок №23 (не налаштовано)","Sample #23 (not configured)","Зразок №23 (не налаштовано)","Зразок №23 (не налаштовано)","Зразок №23 (не налаштовано)","Зразок №23 (не налаштовано)","Зразок №23 (не налаштовано)","Зразок №23 (не налаштовано)","Зразок №23 (не налаштовано)","Зразок №23 (не налаштовано)","Зразок №23 (не налаштовано)","Зразок №23 (не налаштовано)","Зразок №23 (не налаштовано)","Зразок №23 (не налаштовано)",
"str_zp_sample_23_desc","Зразок, підготовлений до аналізу. Опис з'явиться, коли адміністратор опише цей тип у SampleTypes.json.","A sample prepared for analysis. Its description appears once an administrator defines this type in SampleTypes.json.","Зразок, підготовлений до аналізу. Опис з'явиться, коли адміністратор опише цей тип у SampleTypes.json.","Зразок, підготовлений до аналізу. Опис з'явиться, коли адміністратор опише цей тип у SampleTypes.json.","Зразок, підготовлений до аналізу. Опис з'явиться, коли адміністратор опише цей тип у SampleTypes.json.","Зразок, підготовлений до аналізу. Опис з'явиться, коли адміністратор опише цей тип у SampleTypes.json.","Зразок, підготовлений до аналізу. Опис з'явиться, коли адміністратор опише цей тип у SampleTypes.json.","Зразок, підготовлений до аналізу. Опис з'явиться, коли адміністратор опише цей тип у SampleTypes.json.","Зразок, підготовлений до аналізу. Опис з'явиться, коли адміністратор опише цей тип у SampleTypes.json.","Зразок, підготовлений до аналізу. Опис з'явиться, коли адміністратор опише цей тип у SampleTypes.json.","Зразок, підготовлений до аналізу. Опис з'явиться, коли адміністратор опише цей тип у SampleTypes.json.","Зразок, підготовлений до аналізу. Опис з'явиться, коли адміністратор опише цей тип у SampleTypes.json.","Зразок, підготовлений до аналізу. Опис з'явиться, коли адміністратор опише цей тип у SampleTypes.json.","Зразок, підготовлений до аналізу. Опис з'явиться, коли адміністратор опише цей тип у SampleTypes.json.",
"str_zp_sample_24","Зразок №24 (не налаштовано)","Sample #24 (not configured)","Зразок №24 (не налаштовано)","Зразок №24 (не налаштовано)","Зразок №24 (не налаштовано)","Зразок №24 (не налаштовано)","Зразок №24 (не налаштовано)","Зразок №24 (не налаштовано)","Зразок №24 (не налаштовано)","Зразок №24 (не налаштовано)","Зразок №24 (не налаштовано)","Зразок №24 (не налаштовано)","Зразок №24 (не налаштовано)","Зразок №24 (не налаштовано)",
"str_zp_sample_24_desc","Зразок, підготовлений до аналізу. Опис з'явиться, коли адміністратор опише цей тип у SampleTypes.json.","A sample prepared for analysis. Its description appears once an administrator defines this type in SampleTypes.json.","Зразок, підготовлений до аналізу. Опис з'явиться, коли адміністратор опише цей тип у SampleTypes.json.","Зразок, підготовлений до аналізу. Опис з'явиться, коли адміністратор опише цей тип у SampleTypes.json.","Зразок, підготовлений до аналізу. Опис з'явиться, коли адміністратор опише цей тип у SampleTypes.json.","Зразок, підготовлений до аналізу. Опис з'явиться, коли адміністратор опише цей тип у SampleTypes.json.","Зразок, підготовлений до аналізу. Опис з'явиться, коли адміністратор опише цей тип у SampleTypes.json.","Зразок, підготовлений до аналізу. Опис з'явиться, коли адміністратор опише цей тип у SampleTypes.json.","Зразок, підготовлений до аналізу. Опис з'явиться, коли адміністратор опише цей тип у SampleTypes.json.","Зразок, підготовлений до аналізу. Опис з'явиться, коли адміністратор опише цей тип у SampleTypes.json.","Зразок, підготовлений до аналізу. Опис з'явиться, коли адміністратор опише цей тип у SampleTypes.json.","Зразок, підготовлений до аналізу. Опис з'явиться, коли адміністратор опише цей тип у SampleTypes.json.","Зразок, підготовлений до аналізу. Опис з'явиться, коли адміністратор опише цей тип у SampleTypes.json.","Зразок, підготовлений до аналізу. Опис з'явиться, коли адміністратор опише цей тип у SampleTypes.json.",
"str_zp_sample_25","Зразок №25 (не налаштовано)","Sample #25 (not configured)","Зразок №25 (не налаштовано)","Зразок №25 (не налаштовано)","Зразок №25 (не налаштовано)","Зразок №25 (не налаштовано)","Зразок №25 (не налаштовано)","Зразок №25 (не налаштовано)","Зразок №25 (не налаштовано)","Зразок №25 (не налаштовано)","Зразок №25 (не налаштовано)","Зразок №25 (не налаштовано)","Зразок №25 (не налаштовано)","Зразок №25 (не налаштовано)",
"str_zp_sample_25_desc","Зразок, підготовлений до аналізу. Опис з'явиться, коли адміністратор опише цей тип у SampleTypes.json.","A sample prepared for analysis. Its description appears once an administrator defines this type in SampleTypes.json.","Зразок, підготовлений до аналізу. Опис з'явиться, коли адміністратор опише цей тип у SampleTypes.json.","Зразок, підготовлений до аналізу. Опис з'явиться, коли адміністратор опише цей тип у SampleTypes.json.","Зразок, підготовлений до аналізу. Опис з'явиться, коли адміністратор опише цей тип у SampleTypes.json.","Зразок, підготовлений до аналізу. Опис з'явиться, коли адміністратор опише цей тип у SampleTypes.json.","Зразок, підготовлений до аналізу. Опис з'явиться, коли адміністратор опише цей тип у SampleTypes.json.","Зразок, підготовлений до аналізу. Опис з'явиться, коли адміністратор опише цей тип у SampleTypes.json.","Зразок, підготовлений до аналізу. Опис з'явиться, коли адміністратор опише цей тип у SampleTypes.json.","Зразок, підготовлений до аналізу. Опис з'явиться, коли адміністратор опише цей тип у SampleTypes.json.","Зразок, підготовлений до аналізу. Опис з'явиться, коли адміністратор опише цей тип у SampleTypes.json.","Зразок, підготовлений до аналізу. Опис з'явиться, коли адміністратор опише цей тип у SampleTypes.json.","Зразок, підготовлений до аналізу. Опис з'явиться, коли адміністратор опише цей тип у SampleTypes.json.","Зразок, підготовлений до аналізу. Опис з'явиться, коли адміністратор опише цей тип у SampleTypes.json.",
"str_zp_sample_26","Зразок №26 (не налаштовано)","Sample #26 (not configured)","Зразок №26 (не налаштовано)","Зразок №26 (не налаштовано)","Зразок №26 (не налаштовано)","Зразок №26 (не налаштовано)","Зразок №26 (не налаштовано)","Зразок №26 (не налаштовано)","Зразок №26 (не налаштовано)","Зразок №26 (не налаштовано)","Зразок №26 (не налаштовано)","Зразок №26 (не налаштовано)","Зразок №26 (не налаштовано)","Зразок №26 (не налаштовано)",
"str_zp_sample_26_desc","Зразок, підготовлений до аналізу. Опис з'явиться, коли адміністратор опише цей тип у SampleTypes.json.","A sample prepared for analysis. Its description appears once an administrator defines this type in SampleTypes.json.","Зразок, підготовлений до аналізу. Опис з'явиться, коли адміністратор опише цей тип у SampleTypes.json.","Зразок, підготовлений до аналізу. Опис з'явиться, коли адміністратор опише цей тип у SampleTypes.json.","Зразок, підготовлений до аналізу. Опис з'явиться, коли адміністратор опише цей тип у SampleTypes.json.","Зразок, підготовлений до аналізу. Опис з'явиться, коли адміністратор опише цей тип у SampleTypes.json.","Зразок, підготовлений до аналізу. Опис з'явиться, коли адміністратор опише цей тип у SampleTypes.json.","Зразок, підготовлений до аналізу. Опис з'явиться, коли адміністратор опише цей тип у SampleTypes.json.","Зразок, підготовлений до аналізу. Опис з'явиться, коли адміністратор опише цей тип у SampleTypes.json.","Зразок, підготовлений до аналізу. Опис з'явиться, коли адміністратор опише цей тип у SampleTypes.json.","Зразок, підготовлений до аналізу. Опис з'явиться, коли адміністратор опише цей тип у SampleTypes.json.","Зразок, підготовлений до аналізу. Опис з'явиться, коли адміністратор опише цей тип у SampleTypes.json.","Зразок, підготовлений до аналізу. Опис з'явиться, коли адміністратор опише цей тип у SampleTypes.json.","Зразок, підготовлений до аналізу. Опис з'явиться, коли адміністратор опише цей тип у SampleTypes.json.",
"str_zp_sample_27","Зразок №27 (не налаштовано)","Sample #27 (not configured)","Зразок №27 (не налаштовано)","Зразок №27 (не налаштовано)","Зразок №27 (не налаштовано)","Зразок №27 (не налаштовано)","Зразок №27 (не налаштовано)","Зразок №27 (не налаштовано)","Зразок №27 (не налаштовано)","Зразок №27 (не налаштовано)","Зразок №27 (не налаштовано)","Зразок №27 (не налаштовано)","Зразок №27 (не налаштовано)","Зразок №27 (не налаштовано)",
"str_zp_sample_27_desc","Зразок, підготовлений до аналізу. Опис з'явиться, коли адміністратор опише цей тип у SampleTypes.json.","A sample prepared for analysis. Its description appears once an administrator defines this type in SampleTypes.json.","Зразок, підготовлений до аналізу. Опис з'явиться, коли адміністратор опише цей тип у SampleTypes.json.","Зразок, підготовлений до аналізу. Опис з'явиться, коли адміністратор опише цей тип у SampleTypes.json.","Зразок, підготовлений до аналізу. Опис з'явиться, коли адміністратор опише цей тип у SampleTypes.json.","Зразок, підготовлений до аналізу. Опис з'явиться, коли адміністратор опише цей тип у SampleTypes.json.","Зразок, підготовлений до аналізу. Опис з'явиться, коли адміністратор опише цей тип у SampleTypes.json.","Зразок, підготовлений до аналізу. Опис з'явиться, коли адміністратор опише цей тип у SampleTypes.json.","Зразок, підготовлений до аналізу. Опис з'явиться, коли адміністратор опише цей тип у SampleTypes.json.","Зразок, підготовлений до аналізу. Опис з'явиться, коли адміністратор опише цей тип у SampleTypes.json.","Зразок, підготовлений до аналізу. Опис з'явиться, коли адміністратор опише цей тип у SampleTypes.json.","Зразок, підготовлений до аналізу. Опис з'явиться, коли адміністратор опише цей тип у SampleTypes.json.","Зразок, підготовлений до аналізу. Опис з'явиться, коли адміністратор опише цей тип у SampleTypes.json.","Зразок, підготовлений до аналізу. Опис з'явиться, коли адміністратор опише цей тип у SampleTypes.json.",
"str_zp_sample_28","Зразок №28 (не налаштовано)","Sample #28 (not configured)","Зразок №28 (не налаштовано)","Зразок №28 (не налаштовано)","Зразок №28 (не налаштовано)","Зразок №28 (не налаштовано)","Зразок №28 (не налаштовано)","Зразок №28 (не налаштовано)","Зразок №28 (не налаштовано)","Зразок №28 (не налаштовано)","Зразок №28 (не налаштовано)","Зразок №28 (не налаштовано)","Зразок №28 (не налаштовано)","Зразок №28 (не налаштовано)",
"str_zp_sample_28_desc","Зразок, підготовлений до аналізу. Опис з'явиться, коли адміністратор опише цей тип у SampleTypes.json.","A sample prepared for analysis. Its description appears once an administrator defines this type in SampleTypes.json.","Зразок, підготовлений до аналізу. Опис з'явиться, коли адміністратор опише цей тип у SampleTypes.json.","Зразок, підготовлений до аналізу. Опис з'явиться, коли адміністратор опише цей тип у SampleTypes.json.","Зразок, підготовлений до аналізу. Опис з'явиться, коли адміністратор опише цей тип у SampleTypes.json.","Зразок, підготовлений до аналізу. Опис з'явиться, коли адміністратор опише цей тип у SampleTypes.json.","Зразок, підготовлений до аналізу. Опис з'явиться, коли адміністратор опише цей тип у SampleTypes.json.","Зразок, підготовлений до аналізу. Опис з'явиться, коли адміністратор опише цей тип у SampleTypes.json.","Зразок, підготовлений до аналізу. Опис з'явиться, коли адміністратор опише цей тип у SampleTypes.json.","Зразок, підготовлений до аналізу. Опис з'явиться, коли адміністратор опише цей тип у SampleTypes.json.","Зразок, підготовлений до аналізу. Опис з'явиться, коли адміністратор опише цей тип у SampleTypes.json.","Зразок, підготовлений до аналізу. Опис з'явиться, коли адміністратор опише цей тип у SampleTypes.json.","Зразок, підготовлений до аналізу. Опис з'явиться, коли адміністратор опише цей тип у SampleTypes.json.","Зразок, підготовлений до аналізу. Опис з'явиться, коли адміністратор опише цей тип у SampleTypes.json.",
"str_zp_sample_29","Зразок №29 (не налаштовано)","Sample #29 (not configured)","Зразок №29 (не налаштовано)","Зразок №29 (не налаштовано)","Зразок №29 (не налаштовано)","Зразок №29 (не налаштовано)","Зразок №29 (не налаштовано)","Зразок №29 (не налаштовано)","Зразок №29 (не налаштовано)","Зразок №29 (не налаштовано)","Зразок №29 (не налаштовано)","Зразок №29 (не налаштовано)","Зразок №29 (не налаштовано)","Зразок №29 (не налаштовано)",
"str_zp_sample_29_desc","Зразок, підготовлений до аналізу. Опис з'явиться, коли адміністратор опише цей тип у SampleTypes.json.","A sample prepared for analysis. Its description appears once an administrator defines this type in SampleTypes.json.","Зразок, підготовлений до аналізу. Опис з'явиться, коли адміністратор опише цей тип у SampleTypes.json.","Зразок, підготовлений до аналізу. Опис з'явиться, коли адміністратор опише цей тип у SampleTypes.json.","Зразок, підготовлений до аналізу. Опис з'явиться, коли адміністратор опише цей тип у SampleTypes.json.","Зразок, підготовлений до аналізу. Опис з'явиться, коли адміністратор опише цей тип у SampleTypes.json.","Зразок, підготовлений до аналізу. Опис з'явиться, коли адміністратор опише цей тип у SampleTypes.json.","Зразок, підготовлений до аналізу. Опис з'явиться, коли адміністратор опише цей тип у SampleTypes.json.","Зразок, підготовлений до аналізу. Опис з'явиться, коли адміністратор опише цей тип у SampleTypes.json.","Зразок, підготовлений до аналізу. Опис з'явиться, коли адміністратор опише цей тип у SampleTypes.json.","Зразок, підготовлений до аналізу. Опис з'явиться, коли адміністратор опише цей тип у SampleTypes.json.","Зразок, підготовлений до аналізу. Опис з'явиться, коли адміністратор опише цей тип у SampleTypes.json.","Зразок, підготовлений до аналізу. Опис з'явиться, коли адміністратор опише цей тип у SampleTypes.json.","Зразок, підготовлений до аналізу. Опис з'явиться, коли адміністратор опише цей тип у SampleTypes.json.",
"str_zp_sample_30","Зразок №30 (не налаштовано)","Sample #30 (not configured)","Зразок №30 (не налаштовано)","Зразок №30 (не налаштовано)","Зразок №30 (не налаштовано)","Зразок №30 (не налаштовано)","Зразок №30 (не налаштовано)","Зразок №30 (не налаштовано)","Зразок №30 (не налаштовано)","Зразок №30 (не налаштовано)","Зразок №30 (не налаштовано)","Зразок №30 (не налаштовано)","Зразок №30 (не налаштовано)","Зразок №30 (не налаштовано)",
"str_zp_sample_30_desc","Зразок, підготовлений до аналізу. Опис з'явиться, коли адміністратор опише цей тип у SampleTypes.json.","A sample prepared for analysis. Its description appears once an administrator defines this type in SampleTypes.json.","Зразок, підготовлений до аналізу. Опис з'явиться, коли адміністратор опише цей тип у SampleTypes.json.","Зразок, підготовлений до аналізу. Опис з'явиться, коли адміністратор опише цей тип у SampleTypes.json.","Зразок, підготовлений до аналізу. Опис з'явиться, коли адміністратор опише цей тип у SampleTypes.json.","Зразок, підготовлений до аналізу. Опис з'явиться, коли адміністратор опише цей тип у SampleTypes.json.","Зразок, підготовлений до аналізу. Опис з'явиться, коли адміністратор опише цей тип у SampleTypes.json.","Зразок, підготовлений до аналізу. Опис з'явиться, коли адміністратор опише цей тип у SampleTypes.json.","Зразок, підготовлений до аналізу. Опис з'явиться, коли адміністратор опише цей тип у SampleTypes.json.","Зразок, підготовлений до аналізу. Опис з'явиться, коли адміністратор опише цей тип у SampleTypes.json.","Зразок, підготовлений до аналізу. Опис з'явиться, коли адміністратор опише цей тип у SampleTypes.json.","Зразок, підготовлений до аналізу. Опис з'явиться, коли адміністратор опише цей тип у SampleTypes.json.","Зразок, підготовлений до аналізу. Опис з'явиться, коли адміністратор опише цей тип у SampleTypes.json.","Зразок, підготовлений до аналізу. Опис з'явиться, коли адміністратор опише цей тип у SampleTypes.json.",
"str_zp_cont_eco_bio_petri","Культуральна чашка КП-3","Culture dish KP-3","Культуральна чашка КП-3","Культуральна чашка КП-3","Культуральна чашка КП-3","Культуральна чашка КП-3","Культуральна чашка КП-3","Культуральна чашка КП-3","Культуральна чашка КП-3","Культуральна чашка КП-3","Культуральна чашка КП-3","Культуральна чашка КП-3","Культуральна чашка КП-3","Культуральна чашка КП-3",
"str_zp_cont_eco_bio_petri_desc","Скляна чашка Петрі в алюмінієвому транспортному пеналі. Крізь вікно видно поживне середовище з колонією.","A glass Petri dish in an aluminium transport canister. The growth medium and colony are visible through the lid window.","Скляна чашка Петрі в алюмінієвому транспортному пеналі. Крізь вікно видно поживне середовище з колонією.","Скляна чашка Петрі в алюмінієвому транспортному пеналі. Крізь вікно видно поживне середовище з колонією.","Скляна чашка Петрі в алюмінієвому транспортному пеналі. Крізь вікно видно поживне середовище з колонією.","Скляна чашка Петрі в алюмінієвому транспортному пеналі. Крізь вікно видно поживне середовище з колонією.","Скляна чашка Петрі в алюмінієвому транспортному пеналі. Крізь вікно видно поживне середовище з колонією.","Скляна чашка Петрі в алюмінієвому транспортному пеналі. Крізь вікно видно поживне середовище з колонією.","Скляна чашка Петрі в алюмінієвому транспортному пеналі. Крізь вікно видно поживне середовище з колонією.","Скляна чашка Петрі в алюмінієвому транспортному пеналі. Крізь вікно видно поживне середовище з колонією.","Скляна чашка Петрі в алюмінієвому транспортному пеналі. Крізь вікно видно поживне середовище з колонією.","Скляна чашка Петрі в алюмінієвому транспортному пеналі. Крізь вікно видно поживне середовище з колонією.","Скляна чашка Петрі в алюмінієвому транспортному пеналі. Крізь вікно видно поживне середовище з колонією.","Скляна чашка Петрі в алюмінієвому транспортному пеналі. Крізь вікно видно поживне середовище з колонією.",
